log_id,timestamp,system_name,log_level,user_id,session_id,message,error_code,response_time_ms,source_ip
LOG000001,2025-09-13 07:29:13,AUTH_SERVICE,WARN,USR4730,SESS227414,System operation initiated,,4018,143.60.118.255
LOG000002,2025-09-09 20:17:13,DATABASE,INFO,USR2671,SESS536451,System operation initiated,ERR487,3361,237.65.93.21
LOG000003,2025-09-14 11:04:13,DATABASE,ERROR,,SESS337780,System operation initiated,,4805,194.156.91.112
LOG000004,2025-09-11 10:15:13,DATABASE,ERROR,USR3684,SESS966056,System operation failed,ERR363,2359,108.192.106.91
LOG000005,2025-09-12 10:37:13,USER_PORTAL,INFO,,SESS517395,System operation terminated,,3612,137.203.220.127
LOG000006,2025-09-09 14:46:13,USER_PORTAL,INFO,USR4740,SESS508925,System operation completed,,1251,160.78.77.39
LOG000007,2025-09-11 10:46:13,API_GATEWAY,DEBUG,USR9002,SESS104109,System operation failed,ERR567,1135,98.74.25.203
LOG000008,2025-09-10 17:40:13,USER_PORTAL,ERROR,USR9932,SESS623001,System operation completed,,2611,211.114.73.169
LOG000009,2025-09-15 02:52:13,AUTH_SERVICE,ERROR,,SESS869579,System operation completed,,1200,19.85.76.145
LOG000010,2025-09-15 07:35:13,AUTH_SERVICE,ERROR,USR4071,SESS737914,System operation failed,,4141,224.211.233.180
LOG000011,2025-09-12 05:37:13,DATABASE,ERROR,USR1484,SESS147562,System operation initiated,,4849,105.174.234.158
LOG000012,2025-09-13 00:31:13,API_GATEWAY,WARN,,SESS673883,System operation terminated,,4458,184.192.111.249
LOG000013,2025-09-11 14:11:13,USER_PORTAL,DEBUG,USR1201,SESS168629,System operation terminated,ERR289,82,53.216.124.116
LOG000014,2025-09-13 23:31:13,DATABASE,ERROR,USR6600,SESS793709,System operation initiated,,1924,101.185.241.180
LOG000015,2025-09-14 05:30:13,API_GATEWAY,WARN,USR3289,SESS955328,System operation failed,ERR169,2482,6.236.28.36
LOG000016,2025-09-13 15:24:13,AUTH_SERVICE,ERROR,USR4445,SESS124926,System operation initiated,ERR514,3056,166.61.94.103
LOG000017,2025-09-09 16:10:13,USER_PORTAL,INFO,USR2046,SESS927903,System operation initiated,,717,14.113.142.208
LOG000018,2025-09-13 17:05:13,USER_PORTAL,DEBUG,,SESS629076,System operation failed,ERR345,1814,211.96.13.174
LOG000019,2025-09-11 23:53:13,DATABASE,INFO,USR5594,SESS703871,System operation terminated,,3723,228.66.69.17
LOG000020,2025-09-13 16:10:13,API_GATEWAY,INFO,,SESS179507,System operation initiated,,2574,188.96.122.64
LOG000021,2025-09-11 02:25:13,DATABASE,ERROR,,SESS266753,System operation initiated,,2485,98.180.117.91
LOG000022,2025-09-14 20:07:13,AUTH_SERVICE,INFO,USR4041,SESS149431,System operation initiated,,3620,174.78.144.119
LOG000023,2025-09-10 06:43:13,USER_PORTAL,DEBUG,USR5085,SESS444241,System operation failed,ERR941,4265,20.199.13.26
LOG000024,2025-09-15 08:45:13,AUTH_SERVICE,DEBUG,USR2378,SESS200876,System operation completed,,2833,177.41.208.183
LOG000025,2025-09-14 14:38:13,API_GATEWAY,ERROR,USR1635,SESS832958,System operation terminated,ERR388,1745,135.190.214.13
LOG000026,2025-09-12 07:13:13,DATABASE,DEBUG,USR6625,SESS312964,System operation completed,,1595,222.215.178.209
LOG000027,2025-09-09 11:18:13,PAYMENT_GATEWAY,ERROR,,SESS849429,System operation completed,,76,249.150.252.229
LOG000028,2025-09-11 18:26:13,DATABASE,ERROR,,SESS966016,System operation terminated,,3071,46.106.77.77
LOG000029,2025-09-09 12:28:13,PAYMENT_GATEWAY,INFO,USR1078,SESS642536,System operation initiated,ERR389,2438,178.87.116.181
LOG000030,2025-09-11 05:02:13,DATABASE,ERROR,,SESS215782,System operation terminated,,4163,95.184.28.184
LOG000031,2025-09-09 12:30:13,AUTH_SERVICE,ERROR,,SESS311226,System operation completed,ERR375,351,218.204.146.124
LOG000032,2025-09-13 06:15:13,PAYMENT_GATEWAY,ERROR,,SESS972170,System operation completed,,2784,37.125.209.169
LOG000033,2025-09-10 07:20:13,USER_PORTAL,INFO,,SESS677383,System operation initiated,ERR575,2827,40.138.106.148
LOG000034,2025-09-10 11:14:13,AUTH_SERVICE,INFO,USR2534,SESS269731,System operation completed,,2671,211.113.212.170
LOG000035,2025-09-15 08:50:13,AUTH_SERVICE,DEBUG,USR6673,SESS516150,System operation failed,,1242,76.80.204.142
LOG000036,2025-09-10 04:05:13,DATABASE,ERROR,USR2329,SESS902024,System operation initiated,,3884,48.210.175.129
LOG000037,2025-09-13 06:03:13,DATABASE,INFO,USR1374,SESS694359,System operation terminated,ERR726,2411,207.20.153.230
LOG000038,2025-09-09 16:05:13,API_GATEWAY,INFO,USR9912,SESS905794,System operation completed,,1504,222.78.194.117
LOG000039,2025-09-11 08:19:13,AUTH_SERVICE,WARN,USR7017,SESS919176,System operation initiated,ERR473,4221,84.56.149.176
LOG000040,2025-09-09 23:56:13,DATABASE,DEBUG,,SESS918265,System operation initiated,,671,18.22.58.111
LOG000041,2025-09-10 13:23:13,API_GATEWAY,WARN,,SESS286280,System operation terminated,,3893,48.44.109.239
LOG000042,2025-09-13 07:36:13,AUTH_SERVICE,INFO,USR7583,SESS522516,System operation terminated,,3629,11.226.247.101
LOG000043,2025-09-09 09:35:13,PAYMENT_GATEWAY,WARN,,SESS594582,System operation terminated,,1878,29.32.137.164
LOG000044,2025-09-11 05:47:13,PAYMENT_GATEWAY,DEBUG,USR2407,SESS650699,System operation failed,,2344,43.19.163.139
LOG000045,2025-09-13 14:36:13,USER_PORTAL,ERROR,USR6912,SESS493563,System operation terminated,,3384,223.213.41.3
LOG000046,2025-09-11 19:58:13,API_GATEWAY,ERROR,USR7616,SESS690651,System operation terminated,,1026,11.5.30.63
LOG000047,2025-09-15 08:27:13,API_GATEWAY,ERROR,,SESS741931,System operation failed,,4416,162.41.213.45
LOG000048,2025-09-11 12:49:13,PAYMENT_GATEWAY,WARN,,SESS192755,System operation initiated,ERR428,217,25.91.170.247
LOG000049,2025-09-15 08:27:13,PAYMENT_GATEWAY,INFO,USR3294,SESS743503,System operation terminated,,2675,117.245.94.25
LOG000050,2025-09-14 04:18:13,API_GATEWAY,ERROR,USR6216,SESS732709,System operation failed,,2503,18.137.33.6
LOG000051,2025-09-09 20:55:13,DATABASE,DEBUG,USR1826,SESS757642,System operation initiated,,642,17.251.81.111
LOG000052,2025-09-10 09:27:13,API_GATEWAY,ERROR,,SESS628358,System operation initiated,ERR195,2112,91.48.159.44
LOG000053,2025-09-13 21:48:13,PAYMENT_GATEWAY,INFO,,SESS794920,System operation initiated,,2969,244.210.190.39
LOG000054,2025-09-15 14:59:13,DATABASE,INFO,,SESS580261,System operation initiated,ERR570,3093,102.67.232.182
LOG000055,2025-09-13 13:11:13,DATABASE,WARN,USR8487,SESS523252,System operation initiated,,4762,108.129.116.226
LOG000056,2025-09-12 08:35:13,DATABASE,DEBUG,USR8251,SESS495437,System operation failed,,1941,104.84.220.4
LOG000057,2025-09-12 20:23:13,AUTH_SERVICE,INFO,,SESS856471,System operation initiated,,3729,170.80.186.85
LOG000058,2025-09-12 18:53:13,PAYMENT_GATEWAY,INFO,USR1398,SESS308785,System operation completed,ERR352,2572,101.191.63.112
LOG000059,2025-09-09 10:13:13,PAYMENT_GATEWAY,ERROR,,SESS174282,System operation completed,ERR725,1689,15.235.253.7
LOG000060,2025-09-14 04:46:13,AUTH_SERVICE,INFO,USR5739,SESS500689,System operation initiated,,246,93.206.72.166
LOG000061,2025-09-11 23:31:13,AUTH_SERVICE,ERROR,USR1391,SESS327933,System operation completed,ERR264,4453,230.55.90.227
LOG000062,2025-09-10 18:33:13,DATABASE,WARN,USR2225,SESS365173,System operation completed,,4735,215.151.130.189
LOG000063,2025-09-10 08:27:13,USER_PORTAL,WARN,USR3277,SESS808341,System operation initiated,,1550,49.120.232.216
LOG000064,2025-09-14 00:58:13,API_GATEWAY,WARN,,SESS740643,System operation completed,ERR458,3953,59.13.85.114
LOG000065,2025-09-15 00:00:13,DATABASE,DEBUG,USR6325,SESS700343,System operation completed,ERR286,373,99.221.32.121
LOG000066,2025-09-12 18:33:13,USER_PORTAL,DEBUG,USR8675,SESS784273,System operation failed,,2378,62.123.124.231
LOG000067,2025-09-12 05:23:13,USER_PORTAL,ERROR,USR2162,SESS782690,System operation completed,,295,193.99.44.91
LOG000068,2025-09-13 12:32:13,DATABASE,INFO,USR7735,SESS216240,System operation failed,,158,78.116.147.122
LOG000069,2025-09-13 01:37:13,PAYMENT_GATEWAY,DEBUG,USR5867,SESS755193,System operation completed,,4047,211.229.67.1
LOG000070,2025-09-10 15:17:13,API_GATEWAY,INFO,,SESS654681,System operation terminated,,4561,193.146.71.160
LOG000071,2025-09-14 05:03:13,PAYMENT_GATEWAY,INFO,,SESS211011,System operation initiated,,1776,98.208.83.70
LOG000072,2025-09-13 10:42:13,PAYMENT_GATEWAY,INFO,USR4946,SESS519948,System operation failed,,4905,39.114.132.71
LOG000073,2025-09-14 05:31:13,PAYMENT_GATEWAY,ERROR,USR8231,SESS429257,System operation completed,,1022,123.10.123.67
LOG000074,2025-09-14 23:47:13,AUTH_SERVICE,ERROR,,SESS707264,System operation completed,ERR540,2841,52.242.221.111
LOG000075,2025-09-16 02:43:13,DATABASE,INFO,USR5309,SESS887370,System operation initiated,,2517,206.153.138.221
LOG000076,2025-09-14 02:18:13,API_GATEWAY,ERROR,USR4984,SESS358210,System operation terminated,,1533,125.181.64.38
LOG000077,2025-09-10 17:23:13,AUTH_SERVICE,INFO,,SESS370412,System operation failed,,2795,234.187.208.163
LOG000078,2025-09-10 19:13:13,USER_PORTAL,WARN,,SESS648732,System operation completed,,2566,56.44.165.231
LOG000079,2025-09-12 01:36:13,AUTH_SERVICE,WARN,USR6797,SESS668436,System operation terminated,,3735,180.239.77.192
LOG000080,2025-09-09 14:53:13,API_GATEWAY,ERROR,USR8648,SESS310843,System operation failed,,4586,42.14.154.34
LOG000081,2025-09-16 05:42:13,USER_PORTAL,INFO,,SESS104734,System operation failed,ERR422,1611,79.189.116.42
LOG000082,2025-09-14 15:21:13,AUTH_SERVICE,DEBUG,,SESS173380,System operation completed,ERR876,2418,153.105.11.178
LOG000083,2025-09-10 20:55:13,AUTH_SERVICE,DEBUG,USR5263,SESS618861,System operation initiated,,350,144.32.83.39
LOG000084,2025-09-15 09:11:13,DATABASE,ERROR,USR4757,SESS541101,System operation terminated,,2827,116.143.124.247
LOG000085,2025-09-13 07:03:13,AUTH_SERVICE,INFO,USR8184,SESS700835,System operation failed,,2506,99.190.48.159
LOG000086,2025-09-10 13:12:13,API_GATEWAY,ERROR,,SESS220361,System operation terminated,ERR884,4940,223.1.69.72
LOG000087,2025-09-12 04:27:13,API_GATEWAY,DEBUG,USR8752,SESS620941,System operation completed,,1735,206.78.239.186
LOG000088,2025-09-11 00:23:13,AUTH_SERVICE,ERROR,USR9898,SESS919799,System operation completed,ERR535,1699,138.148.84.175
LOG000089,2025-09-10 20:27:13,PAYMENT_GATEWAY,ERROR,,SESS574154,System operation failed,,3277,232.198.208.135
LOG000090,2025-09-10 11:35:13,PAYMENT_GATEWAY,INFO,USR3605,SESS676796,System operation completed,,4416,155.113.6.133
LOG000091,2025-09-14 03:08:13,USER_PORTAL,WARN,USR7473,SESS122615,System operation terminated,,271,87.22.19.46
LOG000092,2025-09-15 17:45:13,API_GATEWAY,INFO,USR5324,SESS854088,System operation failed,,1452,217.221.127.250
LOG000093,2025-09-10 20:25:13,API_GATEWAY,WARN,,SESS331260,System operation completed,,415,193.97.104.95
LOG000094,2025-09-16 04:46:13,AUTH_SERVICE,ERROR,,SESS993386,System operation initiated,,2200,129.236.150.195
LOG000095,2025-09-09 13:10:13,AUTH_SERVICE,WARN,USR2936,SESS358147,System operation completed,,4447,22.250.89.7
LOG000096,2025-09-10 06:25:13,USER_PORTAL,DEBUG,,SESS472894,System operation initiated,,253,43.131.24.86
LOG000097,2025-09-12 05:56:13,USER_PORTAL,WARN,USR9446,SESS533636,System operation failed,,4595,209.190.31.170
LOG000098,2025-09-11 01:11:13,AUTH_SERVICE,DEBUG,,SESS767348,System operation terminated,,4117,24.199.228.235
LOG000099,2025-09-13 21:17:13,PAYMENT_GATEWAY,INFO,USR3372,SESS492341,System operation initiated,,570,16.240.34.43
LOG000100,2025-09-09 19:39:13,DATABASE,WARN,,SESS259298,System operation initiated,,4147,10.207.34.14
LOG000101,2025-09-11 13:19:13,API_GATEWAY,INFO,USR8281,SESS686515,System operation completed,ERR455,2735,11.9.45.78
LOG000102,2025-09-09 15:23:13,API_GATEWAY,DEBUG,,SESS283576,System operation failed,,603,168.43.60.139
LOG000103,2025-09-11 05:44:13,DATABASE,INFO,,SESS354279,System operation terminated,,1836,105.183.149.86
LOG000104,2025-09-15 06:45:13,DATABASE,DEBUG,USR1956,SESS913557,System operation failed,,3239,32.231.53.17
LOG000105,2025-09-12 21:19:13,API_GATEWAY,ERROR,,SESS633510,System operation failed,,3297,39.17.167.185
LOG000106,2025-09-13 01:58:13,USER_PORTAL,ERROR,USR5219,SESS516344,System operation failed,,4083,232.211.228.215
LOG000107,2025-09-10 02:19:13,PAYMENT_GATEWAY,WARN,,SESS180891,System operation terminated,ERR176,143,228.224.113.223
LOG000108,2025-09-14 00:41:13,API_GATEWAY,INFO,USR3716,SESS743796,System operation initiated,,3148,200.46.51.255
LOG000109,2025-09-16 07:45:13,PAYMENT_GATEWAY,ERROR,USR3827,SESS956031,System operation completed,,3929,49.1.223.37
LOG000110,2025-09-14 13:33:13,AUTH_SERVICE,ERROR,USR8255,SESS691161,System operation initiated,,82,23.18.39.250
LOG000111,2025-09-15 22:15:13,DATABASE,DEBUG,USR9527,SESS540257,System operation completed,,4504,190.16.59.62
LOG000112,2025-09-09 17:56:13,PAYMENT_GATEWAY,WARN,USR6564,SESS727505,System operation initiated,,4235,62.225.101.66
LOG000113,2025-09-12 03:33:13,PAYMENT_GATEWAY,WARN,,SESS229634,System operation failed,,2988,139.72.167.12
LOG000114,2025-09-12 17:12:13,DATABASE,DEBUG,USR2803,SESS588309,System operation initiated,,4371,52.213.138.120
LOG000115,2025-09-13 07:11:13,DATABASE,DEBUG,,SESS287222,System operation initiated,,1995,220.102.112.255
LOG000116,2025-09-15 21:18:13,USER_PORTAL,WARN,USR1202,SESS634272,System operation failed,,802,114.57.129.97
LOG000117,2025-09-15 01:52:13,PAYMENT_GATEWAY,WARN,,SESS238847,System operation initiated,,4269,241.172.107.150
LOG000118,2025-09-12 10:41:13,API_GATEWAY,INFO,,SESS511851,System operation initiated,,104,248.62.80.159
LOG000119,2025-09-14 23:56:13,PAYMENT_GATEWAY,DEBUG,USR2856,SESS529461,System operation terminated,,1143,119.26.142.89
LOG000120,2025-09-13 13:37:13,DATABASE,INFO,USR2154,SESS228211,System operation failed,,4927,148.171.33.47
LOG000121,2025-09-14 03:34:13,AUTH_SERVICE,WARN,USR8135,SESS841355,System operation completed,,247,197.91.162.183
LOG000122,2025-09-13 18:41:13,PAYMENT_GATEWAY,DEBUG,,SESS212239,System operation terminated,ERR130,2956,126.64.52.28
LOG000123,2025-09-14 23:46:13,AUTH_SERVICE,DEBUG,,SESS448154,System operation completed,,2540,187.212.54.230
LOG000124,2025-09-11 11:51:13,USER_PORTAL,WARN,USR7717,SESS774615,System operation failed,,1970,116.9.51.92
LOG000125,2025-09-15 08:57:13,AUTH_SERVICE,DEBUG,USR8545,SESS672832,System operation failed,,1058,74.98.230.205
LOG000126,2025-09-10 00:58:13,PAYMENT_GATEWAY,ERROR,,SESS874842,System operation terminated,,2539,29.162.1.209
LOG000127,2025-09-15 22:38:13,AUTH_SERVICE,ERROR,,SESS443449,System operation completed,,2974,188.139.241.165
LOG000128,2025-09-12 18:04:13,USER_PORTAL,ERROR,USR6036,SESS501104,System operation terminated,,973,174.31.8.171
LOG000129,2025-09-15 17:53:13,PAYMENT_GATEWAY,INFO,USR5177,SESS621301,System operation initiated,,546,222.35.164.174
LOG000130,2025-09-14 10:06:13,API_GATEWAY,INFO,,SESS635288,System operation completed,,4233,191.212.233.184
LOG000131,2025-09-11 21:17:13,PAYMENT_GATEWAY,ERROR,,SESS398945,System operation terminated,ERR317,3689,172.57.191.242
LOG000132,2025-09-12 23:06:13,AUTH_SERVICE,ERROR,USR6257,SESS857344,System operation completed,,4197,33.19.213.240
LOG000133,2025-09-14 00:25:13,PAYMENT_GATEWAY,DEBUG,,SESS742234,System operation terminated,,3734,74.153.58.211
LOG000134,2025-09-09 09:19:13,USER_PORTAL,DEBUG,USR3739,SESS326048,System operation completed,,552,130.155.92.7
LOG000135,2025-09-12 21:55:13,USER_PORTAL,ERROR,,SESS919709,System operation failed,,855,63.226.116.44
LOG000136,2025-09-11 11:38:13,API_GATEWAY,ERROR,USR2661,SESS957189,System operation failed,ERR653,3613,231.182.228.243
LOG000137,2025-09-12 12:04:13,AUTH_SERVICE,ERROR,USR2986,SESS916584,System operation terminated,,3046,129.49.133.253
LOG000138,2025-09-14 09:45:13,USER_PORTAL,ERROR,,SESS926623,System operation completed,,2504,180.185.244.201
LOG000139,2025-09-09 22:32:13,AUTH_SERVICE,WARN,USR6208,SESS228122,System operation terminated,,4495,143.111.236.204
LOG000140,2025-09-10 10:07:13,API_GATEWAY,DEBUG,USR6326,SESS667344,System operation completed,ERR459,2729,96.59.131.163
LOG000141,2025-09-14 05:40:13,AUTH_SERVICE,WARN,USR3525,SESS663008,System operation failed,,1894,153.107.9.174
LOG000142,2025-09-10 22:05:13,DATABASE,WARN,USR2847,SESS503969,System operation initiated,ERR356,4148,222.138.140.125
LOG000143,2025-09-13 23:05:13,API_GATEWAY,INFO,USR1393,SESS175564,System operation failed,,4359,226.6.238.87
LOG000144,2025-09-14 15:47:13,DATABASE,DEBUG,USR3322,SESS293025,System operation completed,,3211,89.108.144.29
LOG000145,2025-09-11 04:57:13,DATABASE,ERROR,,SESS929408,System operation failed,,2720,117.218.250.2
LOG000146,2025-09-14 18:37:13,DATABASE,DEBUG,,SESS337819,System operation terminated,,1963,199.209.4.23
LOG000147,2025-09-09 23:54:13,DATABASE,DEBUG,,SESS222288,System operation completed,ERR583,4747,47.75.236.182
LOG000148,2025-09-13 14:49:13,API_GATEWAY,ERROR,USR1677,SESS251864,System operation terminated,ERR948,3860,84.191.121.183
LOG000149,2025-09-11 21:53:13,API_GATEWAY,WARN,,SESS560575,System operation terminated,ERR357,699,45.138.106.252
LOG000150,2025-09-11 06:44:13,USER_PORTAL,DEBUG,,SESS973529,System operation initiated,,1960,22.125.120.60
LOG000151,2025-09-09 22:26:13,AUTH_SERVICE,DEBUG,USR8948,SESS875337,System operation terminated,,466,211.28.214.84
LOG000152,2025-09-15 19:51:13,AUTH_SERVICE,ERROR,USR7755,SESS411749,System operation completed,,2140,203.20.250.6
LOG000153,2025-09-14 07:19:13,PAYMENT_GATEWAY,WARN,USR3185,SESS579345,System operation completed,,3986,153.226.74.191
LOG000154,2025-09-09 15:04:13,AUTH_SERVICE,INFO,USR1717,SESS589811,System operation terminated,,4254,10.8.115.238
LOG000155,2025-09-13 18:31:13,AUTH_SERVICE,WARN,,SESS889047,System operation failed,,1189,115.106.197.199
LOG000156,2025-09-16 05:24:13,DATABASE,INFO,,SESS101120,System operation terminated,,4295,242.182.86.246
LOG000157,2025-09-11 04:14:13,API_GATEWAY,ERROR,,SESS875865,System operation terminated,ERR725,3575,11.102.157.18
LOG000158,2025-09-09 10:29:13,API_GATEWAY,ERROR,,SESS139609,System operation failed,,892,154.72.175.104
LOG000159,2025-09-13 08:52:13,AUTH_SERVICE,ERROR,USR4549,SESS458879,System operation completed,,409,108.43.232.57
LOG000160,2025-09-14 21:07:13,USER_PORTAL,ERROR,USR1296,SESS642635,System operation completed,,618,165.68.79.170
LOG000161,2025-09-10 15:29:13,API_GATEWAY,INFO,,SESS714124,System operation failed,,1648,209.229.17.243
LOG000162,2025-09-14 18:08:13,AUTH_SERVICE,ERROR,USR5108,SESS162461,System operation initiated,,2158,28.228.120.163
LOG000163,2025-09-10 05:54:13,AUTH_SERVICE,DEBUG,USR4760,SESS176732,System operation initiated,ERR918,1392,233.53.245.113
LOG000164,2025-09-13 05:14:13,USER_PORTAL,INFO,USR5233,SESS620868,System operation terminated,,1413,93.245.249.239
LOG000165,2025-09-15 06:14:13,USER_PORTAL,ERROR,,SESS406211,System operation completed,ERR939,829,218.126.75.117
LOG000166,2025-09-11 16:43:13,USER_PORTAL,DEBUG,USR8644,SESS466352,System operation terminated,,3302,202.32.221.41
LOG000167,2025-09-13 14:23:13,PAYMENT_GATEWAY,ERROR,,SESS612734,System operation failed,,829,89.188.52.92
LOG000168,2025-09-09 16:36:13,USER_PORTAL,INFO,USR4912,SESS584041,System operation failed,ERR610,429,95.107.209.126
LOG000169,2025-09-14 09:03:13,PAYMENT_GATEWAY,WARN,,SESS186448,System operation failed,,4229,156.29.39.157
LOG000170,2025-09-09 20:04:13,API_GATEWAY,INFO,USR3906,SESS611997,System operation terminated,ERR590,4527,63.138.51.163
LOG000171,2025-09-10 02:52:13,DATABASE,ERROR,USR5696,SESS557037,System operation terminated,,3312,78.64.253.198
LOG000172,2025-09-11 02:00:13,AUTH_SERVICE,ERROR,USR2772,SESS243328,System operation failed,,1518,159.83.126.23
LOG000173,2025-09-14 12:59:13,PAYMENT_GATEWAY,DEBUG,USR9464,SESS101384,System operation completed,,777,53.155.185.62
LOG000174,2025-09-10 08:47:13,USER_PORTAL,ERROR,USR8883,SESS270668,System operation failed,,2054,85.21.195.206
LOG000175,2025-09-09 21:36:13,USER_PORTAL,DEBUG,,SESS933567,System operation terminated,ERR971,2149,99.236.13.1
LOG000176,2025-09-12 00:58:13,AUTH_SERVICE,INFO,USR9540,SESS669112,System operation terminated,ERR992,3039,203.207.140.163
LOG000177,2025-09-15 02:02:13,PAYMENT_GATEWAY,WARN,,SESS397290,System operation failed,ERR441,1559,104.145.62.150
LOG000178,2025-09-09 09:47:13,USER_PORTAL,INFO,USR7034,SESS112244,System operation initiated,,1774,59.48.1.105
LOG000179,2025-09-11 02:51:13,API_GATEWAY,DEBUG,,SESS581042,System operation completed,,2655,94.68.249.4
LOG000180,2025-09-14 16:33:13,DATABASE,INFO,USR9903,SESS718873,System operation initiated,,3726,37.123.250.234
LOG000181,2025-09-11 15:15:13,PAYMENT_GATEWAY,WARN,USR8686,SESS643437,System operation terminated,,4615,224.19.60.139
LOG000182,2025-09-14 08:52:13,PAYMENT_GATEWAY,INFO,USR9726,SESS209080,System operation terminated,,4491,107.213.7.239
LOG000183,2025-09-12 20:45:13,AUTH_SERVICE,WARN,,SESS398153,System operation failed,,2303,9.128.124.178
LOG000184,2025-09-12 05:55:13,USER_PORTAL,ERROR,USR4482,SESS267872,System operation failed,,4847,228.109.102.179
LOG000185,2025-09-14 21:29:13,DATABASE,WARN,USR9080,SESS610908,System operation completed,ERR992,2718,95.117.249.92
LOG000186,2025-09-14 12:36:13,AUTH_SERVICE,DEBUG,USR7145,SESS370397,System operation failed,,910,56.59.104.204
LOG000187,2025-09-09 14:17:13,API_GATEWAY,DEBUG,USR7733,SESS643007,System operation failed,ERR462,3094,119.244.6.64
LOG000188,2025-09-16 05:20:13,AUTH_SERVICE,DEBUG,USR2630,SESS618487,System operation terminated,,2019,75.177.79.191
LOG000189,2025-09-13 12:51:13,AUTH_SERVICE,WARN,USR7270,SESS369742,System operation completed,,251,36.246.121.203
LOG000190,2025-09-16 05:26:13,API_GATEWAY,INFO,USR1450,SESS641514,System operation terminated,,2395,36.32.217.62
LOG000191,2025-09-15 07:51:13,AUTH_SERVICE,ERROR,USR4423,SESS915085,System operation completed,,4278,231.232.48.150
LOG000192,2025-09-13 08:31:13,PAYMENT_GATEWAY,ERROR,USR7395,SESS685140,System operation terminated,,681,225.145.171.154
LOG000193,2025-09-13 17:45:13,AUTH_SERVICE,ERROR,USR8079,SESS149806,System operation terminated,,173,90.80.74.56
LOG000194,2025-09-09 11:52:13,AUTH_SERVICE,ERROR,USR8985,SESS741497,System operation initiated,,474,142.220.213.165
LOG000195,2025-09-15 02:36:13,API_GATEWAY,INFO,,SESS806971,System operation failed,,3052,55.144.205.249
LOG000196,2025-09-09 23:03:13,DATABASE,DEBUG,USR5517,SESS342653,System operation failed,ERR148,4602,78.249.58.77
LOG000197,2025-09-09 20:24:13,PAYMENT_GATEWAY,WARN,USR2291,SESS274064,System operation terminated,,4805,117.224.85.255
LOG000198,2025-09-15 16:51:13,DATABASE,DEBUG,USR2841,SESS635207,System operation terminated,ERR826,2452,101.201.253.171
LOG000199,2025-09-14 00:01:13,AUTH_SERVICE,INFO,USR8782,SESS930720,System operation initiated,,4808,230.91.203.51
LOG000200,2025-09-14 02:15:13,PAYMENT_GATEWAY,INFO,,SESS958628,System operation completed,,2365,248.110.175.105
LOG000201,2025-09-13 15:22:13,PAYMENT_GATEWAY,DEBUG,USR3623,SESS161762,System operation terminated,,4288,130.193.230.65
LOG000202,2025-09-13 22:47:13,API_GATEWAY,ERROR,USR6363,SESS689004,System operation failed,,4734,31.83.101.45
LOG000203,2025-09-15 10:50:13,API_GATEWAY,ERROR,USR3443,SESS987106,System operation terminated,ERR674,2567,61.86.176.197
LOG000204,2025-09-12 19:18:13,AUTH_SERVICE,INFO,USR1851,SESS884080,System operation terminated,,555,175.60.202.134
LOG000205,2025-09-10 17:33:13,AUTH_SERVICE,INFO,USR7886,SESS341819,System operation initiated,,4729,140.24.7.39
LOG000206,2025-09-13 21:37:13,USER_PORTAL,WARN,,SESS866199,System operation initiated,,3845,64.149.54.120
LOG000207,2025-09-13 01:25:13,API_GATEWAY,WARN,USR7132,SESS333154,System operation terminated,ERR327,603,181.93.173.129
LOG000208,2025-09-16 02:06:13,USER_PORTAL,WARN,USR8212,SESS657590,System operation completed,,4849,104.91.23.109
LOG000209,2025-09-09 22:56:13,PAYMENT_GATEWAY,DEBUG,USR2936,SESS698313,System operation completed,,3814,80.223.43.165
LOG000210,2025-09-14 16:32:13,USER_PORTAL,WARN,USR8434,SESS729308,System operation terminated,,1469,161.133.174.231
LOG000211,2025-09-11 04:18:13,API_GATEWAY,WARN,USR7590,SESS164546,System operation failed,,3503,34.121.7.14
LOG000212,2025-09-12 08:27:13,PAYMENT_GATEWAY,DEBUG,,SESS510257,System operation initiated,ERR582,2611,2.84.213.146
LOG000213,2025-09-11 11:35:13,API_GATEWAY,ERROR,USR2461,SESS385817,System operation failed,ERR126,2454,238.175.107.237
LOG000214,2025-09-15 22:06:13,AUTH_SERVICE,INFO,USR3056,SESS807785,System operation initiated,,2682,65.173.236.22
LOG000215,2025-09-13 04:24:13,API_GATEWAY,DEBUG,USR9142,SESS538948,System operation initiated,,4210,198.172.123.71
LOG000216,2025-09-11 11:25:13,USER_PORTAL,INFO,USR1212,SESS495175,System operation terminated,,26,208.83.149.116
LOG000217,2025-09-12 01:26:13,API_GATEWAY,ERROR,USR6393,SESS271209,System operation failed,,3201,26.80.44.172
LOG000218,2025-09-15 19:27:13,DATABASE,DEBUG,USR6145,SESS672895,System operation completed,,402,58.154.59.53
LOG000219,2025-09-09 10:33:13,DATABASE,WARN,,SESS705341,System operation initiated,,434,59.217.223.54
LOG000220,2025-09-10 17:54:13,USER_PORTAL,INFO,,SESS676515,System operation terminated,,581,15.203.159.99
LOG000221,2025-09-13 15:33:13,AUTH_SERVICE,INFO,USR9094,SESS389701,System operation initiated,,3641,13.57.43.172
LOG000222,2025-09-10 12:16:13,AUTH_SERVICE,ERROR,,SESS535282,System operation initiated,,1130,181.188.137.154
LOG000223,2025-09-15 14:32:13,API_GATEWAY,WARN,USR4093,SESS895120,System operation failed,,251,87.174.43.129
LOG000224,2025-09-11 16:57:13,AUTH_SERVICE,INFO,USR2842,SESS473202,System operation initiated,,3907,255.24.106.212
LOG000225,2025-09-11 10:44:13,USER_PORTAL,WARN,USR6112,SESS942695,System operation initiated,,4105,14.92.190.178
LOG000226,2025-09-12 08:48:13,USER_PORTAL,INFO,,SESS365919,System operation completed,,2289,25.187.157.193
LOG000227,2025-09-11 23:53:13,AUTH_SERVICE,WARN,,SESS121341,System operation failed,,798,230.78.187.183
LOG000228,2025-09-13 17:22:13,AUTH_SERVICE,DEBUG,USR5827,SESS889407,System operation failed,,724,113.13.164.197
LOG000229,2025-09-12 01:11:13,DATABASE,DEBUG,USR5260,SESS966946,System operation failed,,4864,42.159.129.5
LOG000230,2025-09-11 10:14:13,DATABASE,DEBUG,,SESS342752,System operation initiated,,2859,184.110.71.84
LOG000231,2025-09-16 05:17:13,USER_PORTAL,DEBUG,USR8198,SESS667430,System operation failed,,785,163.227.150.101
LOG000232,2025-09-10 11:19:13,API_GATEWAY,ERROR,USR6296,SESS100198,System operation initiated,,4036,185.226.188.91
LOG000233,2025-09-10 03:11:13,API_GATEWAY,INFO,USR3677,SESS976136,System operation initiated,ERR544,2257,110.74.13.26
LOG000234,2025-09-12 01:30:13,API_GATEWAY,DEBUG,USR2010,SESS205572,System operation completed,ERR258,88,189.28.103.75
LOG000235,2025-09-09 13:16:13,PAYMENT_GATEWAY,WARN,USR2895,SESS965913,System operation terminated,,3936,56.114.100.131
LOG000236,2025-09-09 21:24:13,AUTH_SERVICE,WARN,USR6597,SESS800933,System operation failed,,865,122.135.81.51
LOG000237,2025-09-14 09:32:13,PAYMENT_GATEWAY,WARN,USR7000,SESS141136,System operation completed,,2158,57.118.220.190
LOG000238,2025-09-12 13:27:13,USER_PORTAL,INFO,USR4598,SESS545258,System operation terminated,ERR290,1041,27.216.103.24
LOG000239,2025-09-11 19:34:13,AUTH_SERVICE,ERROR,USR7680,SESS214219,System operation completed,ERR555,4950,74.225.42.141
LOG000240,2025-09-16 02:28:13,PAYMENT_GATEWAY,DEBUG,,SESS677061,System operation failed,,3281,85.96.164.104
LOG000241,2025-09-09 14:09:13,API_GATEWAY,INFO,USR5406,SESS276786,System operation terminated,ERR413,3586,2.8.92.228
LOG000242,2025-09-09 10:20:13,USER_PORTAL,WARN,,SESS735536,System operation failed,ERR877,4192,169.254.20.128
LOG000243,2025-09-10 16:52:13,PAYMENT_GATEWAY,INFO,USR1686,SESS313062,System operation terminated,,3466,146.153.143.143
LOG000244,2025-09-14 10:33:13,AUTH_SERVICE,DEBUG,USR5081,SESS412269,System operation completed,,3516,54.187.157.217
LOG000245,2025-09-15 08:03:13,AUTH_SERVICE,WARN,,SESS251176,System operation terminated,ERR837,417,170.217.142.39
LOG000246,2025-09-11 17:13:13,DATABASE,INFO,USR1621,SESS283322,System operation terminated,,2721,240.172.44.52
LOG000247,2025-09-12 10:14:13,API_GATEWAY,ERROR,USR7502,SESS659369,System operation terminated,,3098,125.248.98.227
LOG000248,2025-09-11 06:48:13,API_GATEWAY,WARN,USR7870,SESS824439,System operation failed,ERR901,1678,165.18.92.203
LOG000249,2025-09-13 10:10:13,AUTH_SERVICE,INFO,USR3199,SESS723278,System operation failed,,157,7.249.155.154
LOG000250,2025-09-11 20:40:13,USER_PORTAL,INFO,USR5519,SESS886065,System operation failed,,4337,150.133.46.190
LOG000251,2025-09-13 11:28:13,DATABASE,DEBUG,USR3393,SESS477004,System operation initiated,,3907,81.245.231.173
LOG000252,2025-09-10 13:03:13,AUTH_SERVICE,DEBUG,USR1033,SESS402497,System operation failed,ERR182,1960,51.179.200.40
LOG000253,2025-09-10 23:06:13,AUTH_SERVICE,INFO,USR3656,SESS800634,System operation initiated,,375,72.137.140.99
LOG000254,2025-09-14 11:49:13,USER_PORTAL,DEBUG,USR9284,SESS269536,System operation initiated,,1684,52.238.186.221
LOG000255,2025-09-14 14:54:13,API_GATEWAY,DEBUG,USR8906,SESS159147,System operation initiated,ERR570,4541,63.87.136.235
LOG000256,2025-09-13 11:01:13,AUTH_SERVICE,DEBUG,USR4568,SESS308198,System operation failed,,4504,248.50.141.20
LOG000257,2025-09-10 18:58:13,DATABASE,DEBUG,,SESS380655,System operation failed,,2556,121.77.26.185
LOG000258,2025-09-12 00:44:13,DATABASE,INFO,USR1516,SESS165376,System operation terminated,,572,97.209.251.225
LOG000259,2025-09-16 06:37:13,PAYMENT_GATEWAY,WARN,USR3720,SESS287303,System operation initiated,,3572,203.216.35.30
LOG000260,2025-09-12 10:48:13,USER_PORTAL,WARN,USR3383,SESS820245,System operation initiated,ERR343,2499,121.164.185.146
LOG000261,2025-09-10 19:27:13,AUTH_SERVICE,WARN,USR8798,SESS540216,System operation initiated,,782,32.226.224.168
LOG000262,2025-09-13 16:12:13,USER_PORTAL,ERROR,,SESS931932,System operation initiated,,2047,27.109.186.227
LOG000263,2025-09-14 05:53:13,DATABASE,WARN,USR2275,SESS806307,System operation initiated,ERR726,3433,202.25.127.139
LOG000264,2025-09-10 17:41:13,USER_PORTAL,INFO,USR3545,SESS414383,System operation terminated,ERR955,2577,141.208.196.47
LOG000265,2025-09-11 23:39:13,DATABASE,WARN,USR9517,SESS581512,System operation completed,ERR685,1583,66.24.54.208
LOG000266,2025-09-14 22:17:13,API_GATEWAY,DEBUG,USR9081,SESS255918,System operation terminated,,3704,171.94.3.29
LOG000267,2025-09-11 23:38:13,API_GATEWAY,WARN,,SESS123341,System operation terminated,ERR232,3301,113.80.187.248
LOG000268,2025-09-14 03:34:13,AUTH_SERVICE,ERROR,USR9471,SESS753342,System operation terminated,ERR754,1256,216.4.214.79
LOG000269,2025-09-16 07:43:13,API_GATEWAY,INFO,USR7635,SESS302162,System operation failed,,3729,236.94.130.113
LOG000270,2025-09-11 16:25:13,DATABASE,INFO,,SESS735612,System operation completed,,3849,156.18.122.180
LOG000271,2025-09-16 04:28:13,USER_PORTAL,ERROR,,SESS680457,System operation failed,,369,3.193.77.124
LOG000272,2025-09-15 05:40:13,PAYMENT_GATEWAY,ERROR,USR7733,SESS193071,System operation failed,ERR358,2386,242.164.217.65
LOG000273,2025-09-11 17:11:13,DATABASE,WARN,USR2665,SESS857642,System operation completed,,3019,69.253.99.189
LOG000274,2025-09-09 21:34:13,PAYMENT_GATEWAY,INFO,,SESS794460,System operation terminated,,3003,190.222.81.45
LOG000275,2025-09-16 00:53:13,AUTH_SERVICE,DEBUG,USR7007,SESS228936,System operation terminated,,972,99.100.45.192
LOG000276,2025-09-14 02:00:13,API_GATEWAY,WARN,USR5711,SESS717575,System operation initiated,,3642,51.81.83.60
LOG000277,2025-09-11 19:40:13,USER_PORTAL,ERROR,,SESS129333,System operation terminated,ERR237,1837,137.205.161.211
LOG000278,2025-09-10 15:48:13,API_GATEWAY,WARN,USR2733,SESS657448,System operation failed,,1623,149.95.119.116
LOG000279,2025-09-09 16:53:13,AUTH_SERVICE,ERROR,,SESS219574,System operation completed,ERR864,1650,183.170.26.78
LOG000280,2025-09-14 12:48:13,AUTH_SERVICE,ERROR,USR4294,SESS514471,System operation terminated,ERR787,2226,215.199.183.150
LOG000281,2025-09-10 15:42:13,DATABASE,DEBUG,,SESS283832,System operation failed,ERR405,4322,6.157.199.79
LOG000282,2025-09-15 01:10:13,API_GATEWAY,WARN,,SESS720455,System operation terminated,,387,147.150.219.180
LOG000283,2025-09-15 16:25:13,DATABASE,INFO,,SESS541812,System operation terminated,ERR491,4224,29.3.243.77
LOG000284,2025-09-16 08:26:13,USER_PORTAL,ERROR,USR8730,SESS762308,System operation completed,,4295,221.179.171.63
LOG000285,2025-09-09 20:08:13,API_GATEWAY,INFO,USR8727,SESS152074,System operation completed,ERR781,379,232.197.216.227
LOG000286,2025-09-12 21:57:13,API_GATEWAY,DEBUG,,SESS193294,System operation terminated,,2206,223.235.81.198
LOG000287,2025-09-14 18:06:13,AUTH_SERVICE,WARN,USR4354,SESS200665,System operation initiated,,3757,38.82.172.111
LOG000288,2025-09-14 11:45:13,DATABASE,WARN,USR7365,SESS670464,System operation completed,,661,35.85.176.223
LOG000289,2025-09-10 21:04:13,API_GATEWAY,DEBUG,USR9661,SESS732772,System operation initiated,,779,92.140.158.241
LOG000290,2025-09-13 22:21:13,DATABASE,ERROR,USR7638,SESS707865,System operation initiated,,2431,177.240.53.166
LOG000291,2025-09-14 15:17:13,DATABASE,ERROR,USR1385,SESS699367,System operation failed,,790,19.47.168.88
LOG000292,2025-09-15 05:21:13,API_GATEWAY,DEBUG,USR6345,SESS785174,System operation terminated,,1726,200.224.234.172
LOG000293,2025-09-13 05:50:13,USER_PORTAL,INFO,USR1628,SESS444705,System operation terminated,ERR932,3993,179.108.94.50
LOG000294,2025-09-10 12:30:13,API_GATEWAY,DEBUG,,SESS981936,System operation completed,ERR896,1321,8.129.217.232
LOG000295,2025-09-14 00:21:13,PAYMENT_GATEWAY,WARN,USR3173,SESS751002,System operation failed,ERR133,3369,31.29.29.60
LOG000296,2025-09-09 21:29:13,USER_PORTAL,INFO,,SESS421937,System operation completed,ERR572,532,246.228.103.200
LOG000297,2025-09-14 17:00:13,USER_PORTAL,ERROR,USR8484,SESS300670,System operation failed,ERR955,531,12.27.107.226
LOG000298,2025-09-10 23:10:13,AUTH_SERVICE,ERROR,USR5349,SESS430263,System operation failed,ERR516,4888,233.133.165.4
LOG000299,2025-09-15 15:07:13,USER_PORTAL,DEBUG,,SESS123419,System operation initiated,,2330,215.54.205.8
LOG000300,2025-09-14 01:37:13,AUTH_SERVICE,ERROR,,SESS357786,System operation terminated,,945,208.224.64.168
