order_id,customer_id,product_id,order_date,quantity,unit_price,discount_percent,sales_rep_id,order_status
ORD000001,CUST216,PROD19,2025-04-26,7,123.23,0.21,REP17,Shipped
ORD000002,CUST59,PROD30,2025-08-19,4,339.23,0.26,REP8,Pending
ORD000003,CUST60,PROD9,2025-09-08,8,19.66,0.19,REP14,Shipped
ORD000004,CUST137,PROD7,2025-04-13,5,61.01,0.23,REP11,Delivered
ORD000005,CUST82,PROD52,2024-11-18,7,401.96,0.05,REP16,Delivered
ORD000006,CUST248,PROD38,2025-03-15,3,97.49,0.14,REP7,Delivered
ORD000007,CUST96,PROD18,2024-11-19,7,329.85,0.0,REP3,Cancelled
ORD000008,CUST80,PROD97,2025-04-24,8,126.71,0.07,REP15,Pending
ORD000009,CUST84,PROD39,2025-08-26,5,58.73,0.22,REP20,Shipped
ORD000010,CUST256,PROD11,2025-08-28,4,129.15,0.3,REP13,Cancelled
ORD000011,CUST126,PROD31,2025-06-25,8,363.91,0.03,REP13,Pending
ORD000012,CUST239,PROD49,2024-09-20,8,429.29,0.12,REP13,Shipped
ORD000013,CUST94,PROD20,2025-03-16,3,416.81,0.24,REP12,Cancelled
ORD000014,CUST247,PROD20,2025-04-16,6,204.62,0.06,REP6,Cancelled
ORD000015,CUST198,PROD27,2025-01-04,5,337.36,0.17,REP16,Pending
ORD000016,CUST87,PROD71,2025-01-07,2,110.44,0.22,REP9,Pending
ORD000017,CUST145,PROD33,2024-09-24,8,153.64,0.18,REP6,Shipped
ORD000018,CUST18,PROD55,2025-06-14,6,449.2,0.06,REP3,Pending
ORD000019,CUST250,PROD33,2025-02-07,2,16.37,0.11,REP3,Pending
ORD000020,CUST45,PROD39,2024-12-31,5,51.9,0.24,REP6,Cancelled
ORD000021,CUST90,PROD37,2025-04-06,1,111.86,0.17,REP20,Shipped
ORD000022,CUST107,PROD38,2024-12-28,6,23.0,0.0,REP8,Pending
ORD000023,CUST159,PROD1,2024-11-23,9,98.9,0.23,REP20,Shipped
ORD000024,CUST245,PROD69,2025-07-31,1,295.69,0.01,REP18,Cancelled
ORD000025,CUST126,PROD27,2025-04-01,3,216.5,0.22,REP2,Pending
ORD000026,CUST35,PROD87,2025-04-18,7,447.41,0.06,REP16,Pending
ORD000027,CUST109,PROD90,2025-06-13,4,410.55,0.29,REP4,Delivered
ORD000028,CUST138,PROD67,2025-02-09,9,177.49,0.11,REP4,Shipped
ORD000029,CUST93,PROD20,2024-11-06,3,137.12,0.1,REP20,Cancelled
ORD000030,CUST49,PROD48,2025-09-03,5,196.05,0.04,REP4,Cancelled
ORD000031,CUST245,PROD27,2025-06-10,3,299.24,0.09,REP19,Pending
ORD000032,CUST201,PROD36,2024-10-24,7,141.35,0.26,REP1,Delivered
ORD000033,CUST172,PROD53,2025-03-03,5,315.83,0.3,REP8,Delivered
ORD000034,CUST207,PROD26,2024-09-22,9,210.61,0.11,REP15,Shipped
ORD000035,CUST80,PROD78,2024-10-22,7,280.5,0.13,REP7,Pending
ORD000036,CUST21,PROD24,2025-06-11,2,223.7,0.22,REP13,Shipped
ORD000037,CUST62,PROD40,2024-10-17,4,154.29,0.27,REP9,Cancelled
ORD000038,CUST243,PROD33,2025-02-11,9,474.74,0.18,REP8,Shipped
ORD000039,CUST109,PROD46,2024-12-14,2,384.17,0.12,REP17,Delivered
ORD000040,CUST233,PROD55,2024-12-23,9,78.66,0.12,REP13,Cancelled
ORD000041,CUST88,PROD52,2025-07-08,5,435.55,0.21,REP15,Pending
ORD000042,CUST128,PROD34,2024-11-05,2,248.84,0.0,REP3,Shipped
ORD000043,CUST160,PROD69,2025-01-04,4,448.33,0.19,REP13,Cancelled
ORD000044,CUST215,PROD59,2024-11-28,7,401.93,0.11,REP17,Pending
ORD000045,CUST3,PROD56,2024-09-22,8,218.35,0.24,REP8,Shipped
ORD000046,CUST276,PROD64,2025-04-18,3,21.01,0.03,REP11,Delivered
ORD000047,CUST144,PROD34,2025-05-18,1,141.65,0.18,REP1,Shipped
ORD000048,CUST29,PROD58,2024-10-09,4,275.4,0.14,REP6,Shipped
ORD000049,CUST8,PROD35,2025-05-10,2,320.4,0.19,REP10,Pending
ORD000050,CUST209,PROD94,2025-06-04,8,136.36,0.02,REP11,Cancelled
ORD000051,CUST155,PROD81,2025-02-28,4,78.28,0.17,REP18,Shipped
ORD000052,CUST46,PROD74,2025-05-25,2,419.12,0.17,REP8,Shipped
ORD000053,CUST224,PROD60,2025-09-03,6,492.36,0.17,REP3,Cancelled
ORD000054,CUST246,PROD41,2025-03-10,6,267.59,0.18,REP2,Delivered
ORD000055,CUST54,PROD88,2025-02-11,4,94.12,0.2,REP14,Cancelled
ORD000056,CUST21,PROD80,2025-07-14,6,143.43,0.24,REP11,Pending
ORD000057,CUST165,PROD2,2025-08-02,2,19.01,0.08,REP14,Pending
ORD000058,CUST93,PROD35,2025-08-20,2,458.01,0.25,REP19,Shipped
ORD000059,CUST226,PROD46,2025-07-24,4,67.7,0.15,REP6,Delivered
ORD000060,CUST267,PROD2,2024-11-24,8,292.49,0.02,REP5,Pending
ORD000061,CUST278,PROD90,2025-01-10,7,144.29,0.02,REP20,Delivered
ORD000062,CUST290,PROD14,2025-09-10,9,281.55,0.1,REP5,Pending
ORD000063,CUST96,PROD26,2025-01-30,8,329.2,0.24,REP14,Cancelled
ORD000064,CUST4,PROD2,2025-02-19,5,416.57,0.21,REP12,Delivered
ORD000065,CUST169,PROD12,2025-04-17,2,111.15,0.24,REP13,Shipped
ORD000066,CUST177,PROD29,2025-02-12,5,15.39,0.16,REP12,Cancelled
ORD000067,CUST215,PROD93,2025-02-10,8,77.07,0.13,REP3,Pending
ORD000068,CUST243,PROD96,2025-05-21,9,451.01,0.04,REP2,Pending
ORD000069,CUST238,PROD9,2024-12-29,9,438.21,0.1,REP15,Shipped
ORD000070,CUST226,PROD61,2025-07-14,1,302.73,0.13,REP2,Delivered
ORD000071,CUST234,PROD31,2024-09-17,9,304.25,0.03,REP12,Shipped
ORD000072,CUST27,PROD5,2024-10-14,7,335.87,0.07,REP15,Cancelled
ORD000073,CUST297,PROD81,2025-07-31,9,95.93,0.18,REP13,Delivered
ORD000074,CUST186,PROD82,2025-08-30,8,458.06,0.22,REP3,Cancelled
ORD000075,CUST131,PROD31,2025-08-02,1,215.2,0.3,REP9,Delivered
ORD000076,CUST112,PROD72,2025-04-20,8,197.74,0.28,REP20,Shipped
ORD000077,CUST101,PROD55,2025-04-18,8,264.27,0.19,REP3,Shipped
ORD000078,CUST83,PROD89,2025-08-30,3,33.01,0.13,REP10,Cancelled
ORD000079,CUST287,PROD60,2025-05-02,1,91.48,0.19,REP10,Pending
ORD000080,CUST264,PROD7,2025-09-01,8,371.64,0.24,REP8,Cancelled
ORD000081,CUST28,PROD93,2025-07-31,3,50.57,0.04,REP15,Cancelled
ORD000082,CUST215,PROD27,2025-01-07,3,305.54,0.12,REP11,Shipped
ORD000083,CUST20,PROD47,2025-04-17,1,130.22,0.25,REP14,Shipped
ORD000084,CUST285,PROD17,2025-03-17,5,200.75,0.12,REP9,Shipped
ORD000085,CUST42,PROD70,2025-07-24,7,151.46,0.17,REP1,Pending
ORD000086,CUST137,PROD39,2025-01-24,9,184.28,0.18,REP18,Cancelled
ORD000087,CUST165,PROD61,2024-11-21,7,362.33,0.06,REP2,Shipped
ORD000088,CUST173,PROD80,2025-08-11,9,155.59,0.11,REP14,Shipped
ORD000089,CUST231,PROD33,2025-07-03,8,287.54,0.1,REP7,Shipped
ORD000090,CUST287,PROD100,2025-07-24,2,243.26,0.01,REP3,Pending
ORD000091,CUST172,PROD79,2025-03-27,1,335.2,0.01,REP1,Shipped
ORD000092,CUST67,PROD43,2024-09-20,7,469.05,0.25,REP4,Pending
ORD000093,CUST15,PROD49,2024-09-25,7,368.96,0.08,REP19,Pending
ORD000094,CUST147,PROD80,2024-10-13,8,115.32,0.16,REP4,Pending
ORD000095,CUST265,PROD65,2025-08-14,5,25.28,0.09,REP9,Cancelled
ORD000096,CUST3,PROD55,2025-02-05,3,138.51,0.28,REP15,Pending
ORD000097,CUST260,PROD51,2025-02-03,8,301.59,0.08,REP7,Delivered
ORD000098,CUST176,PROD8,2024-10-08,6,35.2,0.13,REP12,Cancelled
ORD000099,CUST10,PROD6,2025-04-23,3,253.22,0.26,REP1,Cancelled
ORD000100,CUST3,PROD4,2025-02-12,1,302.45,0.25,REP8,Shipped
ORD000101,CUST22,PROD74,2025-02-15,3,173.78,0.06,REP2,Pending
ORD000102,CUST135,PROD55,2025-05-11,5,387.75,0.24,REP4,Delivered
ORD000103,CUST5,PROD54,2025-05-25,3,62.23,0.14,REP5,Delivered
ORD000104,CUST260,PROD32,2024-09-16,1,46.82,0.14,REP3,Pending
ORD000105,CUST208,PROD17,2024-11-19,5,366.81,0.04,REP17,Delivered
ORD000106,CUST110,PROD7,2024-12-28,7,252.79,0.02,REP11,Delivered
ORD000107,CUST108,PROD67,2025-02-07,7,347.32,0.22,REP16,Pending
ORD000108,CUST64,PROD23,2025-06-01,9,223.07,0.15,REP17,Cancelled
ORD000109,CUST272,PROD40,2025-07-11,3,130.74,0.13,REP15,Cancelled
ORD000110,CUST69,PROD24,2025-06-24,7,411.36,0.22,REP15,Delivered
ORD000111,CUST60,PROD34,2024-11-23,1,401.71,0.23,REP9,Cancelled
ORD000112,CUST261,PROD74,2025-08-06,4,350.4,0.05,REP18,Cancelled
ORD000113,CUST14,PROD30,2024-09-20,4,143.35,0.18,REP14,Shipped
ORD000114,CUST218,PROD12,2024-12-12,5,299.21,0.04,REP4,Shipped
ORD000115,CUST138,PROD30,2025-07-21,7,186.88,0.23,REP19,Pending
ORD000116,CUST138,PROD40,2025-05-01,7,54.88,0.2,REP7,Pending
ORD000117,CUST40,PROD74,2025-02-26,4,459.48,0.29,REP5,Shipped
ORD000118,CUST151,PROD47,2025-09-15,7,77.04,0.02,REP1,Pending
ORD000119,CUST150,PROD8,2025-02-21,3,475.62,0.02,REP18,Delivered
ORD000120,CUST153,PROD94,2024-11-30,6,228.54,0.08,REP19,Delivered
ORD000121,CUST29,PROD82,2025-07-01,2,100.72,0.08,REP2,Shipped
ORD000122,CUST258,PROD20,2025-03-24,9,275.53,0.07,REP5,Cancelled
ORD000123,CUST31,PROD8,2025-06-30,5,437.74,0.27,REP17,Delivered
ORD000124,CUST300,PROD15,2025-06-28,6,368.79,0.07,REP6,Shipped
ORD000125,CUST89,PROD40,2025-02-23,4,405.21,0.08,REP12,Shipped
ORD000126,CUST289,PROD85,2025-09-06,7,332.8,0.23,REP5,Pending
ORD000127,CUST157,PROD95,2025-08-12,9,349.22,0.13,REP20,Cancelled
ORD000128,CUST140,PROD81,2024-12-03,7,426.11,0.23,REP14,Pending
ORD000129,CUST8,PROD63,2025-04-08,1,132.34,0.02,REP5,Shipped
ORD000130,CUST227,PROD68,2025-09-07,1,249.82,0.15,REP6,Shipped
ORD000131,CUST243,PROD67,2024-12-01,9,118.39,0.01,REP12,Pending
ORD000132,CUST25,PROD46,2024-11-27,9,493.96,0.02,REP13,Cancelled
ORD000133,CUST73,PROD20,2024-11-13,4,472.59,0.27,REP18,Cancelled
ORD000134,CUST68,PROD94,2025-04-11,9,29.32,0.04,REP1,Shipped
ORD000135,CUST188,PROD66,2025-05-09,3,355.73,0.16,REP19,Pending
ORD000136,CUST99,PROD35,2025-06-07,7,463.37,0.12,REP16,Pending
ORD000137,CUST140,PROD96,2025-04-23,6,98.48,0.1,REP2,Shipped
ORD000138,CUST157,PROD24,2025-07-30,8,288.29,0.27,REP1,Shipped
ORD000139,CUST267,PROD30,2025-02-26,9,458.59,0.01,REP11,Cancelled
ORD000140,CUST282,PROD62,2025-03-09,5,26.63,0.2,REP5,Cancelled
ORD000141,CUST151,PROD36,2025-05-22,1,351.74,0.29,REP11,Delivered
ORD000142,CUST291,PROD51,2024-10-08,3,155.7,0.17,REP12,Cancelled
ORD000143,CUST65,PROD28,2025-07-21,8,462.95,0.28,REP19,Pending
ORD000144,CUST185,PROD72,2025-03-25,6,485.82,0.02,REP8,Pending
ORD000145,CUST166,PROD42,2025-04-01,8,472.69,0.13,REP10,Cancelled
ORD000146,CUST6,PROD87,2025-03-01,9,242.36,0.08,REP12,Pending
ORD000147,CUST198,PROD79,2024-10-05,4,432.4,0.22,REP4,Delivered
ORD000148,CUST181,PROD80,2025-03-31,1,423.83,0.29,REP12,Cancelled
ORD000149,CUST295,PROD55,2025-09-07,1,166.36,0.08,REP16,Cancelled
ORD000150,CUST141,PROD69,2025-03-09,4,416.17,0.2,REP5,Delivered
ORD000151,CUST15,PROD76,2025-06-06,7,28.13,0.06,REP20,Shipped
ORD000152,CUST106,PROD24,2025-04-30,2,302.17,0.17,REP17,Pending
ORD000153,CUST271,PROD48,2025-01-22,3,122.7,0.14,REP13,Shipped
ORD000154,CUST81,PROD47,2025-04-20,1,69.08,0.29,REP15,Cancelled
ORD000155,CUST191,PROD78,2024-11-24,5,47.71,0.18,REP10,Delivered
ORD000156,CUST254,PROD59,2025-05-10,1,351.18,0.1,REP7,Cancelled
ORD000157,CUST5,PROD26,2025-06-10,8,176.54,0.03,REP20,Delivered
ORD000158,CUST189,PROD20,2024-10-03,1,365.14,0.05,REP16,Shipped
ORD000159,CUST113,PROD4,2025-02-13,1,42.02,0.07,REP5,Delivered
ORD000160,CUST82,PROD68,2025-02-20,2,164.49,0.08,REP17,Shipped
ORD000161,CUST194,PROD74,2025-04-01,2,274.35,0.26,REP15,Cancelled
ORD000162,CUST51,PROD66,2024-11-20,6,397.45,0.17,REP10,Cancelled
ORD000163,CUST82,PROD48,2025-04-19,7,166.19,0.16,REP18,Delivered
ORD000164,CUST217,PROD60,2024-11-15,5,316.69,0.03,REP1,Delivered
ORD000165,CUST6,PROD89,2025-03-03,1,444.13,0.26,REP5,Pending
ORD000166,CUST136,PROD27,2024-09-28,1,311.77,0.22,REP13,Delivered
ORD000167,CUST249,PROD34,2024-11-23,3,124.15,0.02,REP14,Pending
ORD000168,CUST72,PROD97,2024-10-14,2,21.96,0.21,REP18,Shipped
ORD000169,CUST206,PROD21,2025-04-14,5,436.35,0.16,REP9,Pending
ORD000170,CUST285,PROD45,2025-01-01,6,20.42,0.02,REP10,Shipped
ORD000171,CUST288,PROD29,2025-02-21,7,438.6,0.14,REP5,Pending
ORD000172,CUST168,PROD1,2025-07-05,4,269.18,0.15,REP2,Delivered
ORD000173,CUST31,PROD48,2024-11-17,7,470.14,0.05,REP12,Cancelled
ORD000174,CUST159,PROD34,2025-04-02,8,401.4,0.28,REP18,Cancelled
ORD000175,CUST19,PROD95,2024-11-15,1,498.99,0.25,REP15,Delivered
ORD000176,CUST154,PROD18,2024-10-28,6,181.85,0.2,REP14,Cancelled
ORD000177,CUST64,PROD27,2024-11-09,8,385.92,0.14,REP13,Cancelled
ORD000178,CUST292,PROD46,2024-10-09,5,206.95,0.12,REP17,Pending
ORD000179,CUST85,PROD44,2025-01-08,4,245.14,0.2,REP15,Delivered
ORD000180,CUST56,PROD44,2025-06-16,2,317.48,0.16,REP13,Delivered
ORD000181,CUST252,PROD90,2025-06-01,6,438.1,0.02,REP17,Shipped
ORD000182,CUST214,PROD65,2025-07-05,6,492.2,0.15,REP9,Pending
ORD000183,CUST160,PROD18,2025-08-07,1,386.45,0.24,REP2,Pending
ORD000184,CUST131,PROD25,2025-08-01,9,214.71,0.14,REP8,Delivered
ORD000185,CUST86,PROD93,2024-10-28,6,216.46,0.02,REP7,Shipped
ORD000186,CUST154,PROD74,2025-01-16,3,371.42,0.24,REP17,Cancelled
ORD000187,CUST42,PROD32,2025-04-27,4,127.0,0.06,REP8,Pending
ORD000188,CUST209,PROD55,2025-02-05,4,64.13,0.08,REP17,Delivered
ORD000189,CUST210,PROD1,2024-12-06,3,183.76,0.05,REP3,Cancelled
ORD000190,CUST50,PROD45,2024-12-01,3,150.75,0.1,REP9,Delivered
ORD000191,CUST12,PROD69,2025-05-30,3,155.19,0.23,REP3,Pending
ORD000192,CUST33,PROD5,2025-07-02,4,124.47,0.16,REP12,Shipped
ORD000193,CUST269,PROD63,2025-09-15,7,30.63,0.06,REP18,Shipped
ORD000194,CUST183,PROD77,2025-01-17,4,18.76,0.26,REP17,Cancelled
ORD000195,CUST247,PROD88,2024-10-14,9,493.98,0.26,REP14,Delivered
ORD000196,CUST156,PROD12,2025-06-07,1,219.61,0.26,REP18,Cancelled
ORD000197,CUST175,PROD35,2024-09-19,8,198.32,0.07,REP17,Pending
ORD000198,CUST298,PROD5,2025-05-24,7,343.03,0.14,REP1,Pending
ORD000199,CUST210,PROD85,2024-12-31,2,116.94,0.3,REP2,Cancelled
ORD000200,CUST188,PROD22,2025-05-15,8,475.48,0.23,REP10,Delivered
ORD000201,CUST3,PROD97,2024-10-25,1,395.31,0.01,REP19,Pending
ORD000202,CUST246,PROD39,2025-01-14,9,53.81,0.02,REP20,Pending
ORD000203,CUST113,PROD73,2024-12-12,9,214.61,0.14,REP2,Delivered
ORD000204,CUST252,PROD4,2025-03-08,2,440.77,0.27,REP3,Cancelled
ORD000205,CUST47,PROD86,2025-07-13,7,472.92,0.16,REP13,Cancelled
ORD000206,CUST138,PROD64,2025-08-22,3,239.03,0.15,REP14,Delivered
ORD000207,CUST253,PROD61,2025-07-28,7,310.57,0.03,REP5,Shipped
ORD000208,CUST141,PROD79,2024-11-21,9,91.85,0.2,REP14,Shipped
ORD000209,CUST205,PROD85,2025-07-19,4,495.67,0.25,REP11,Delivered
ORD000210,CUST71,PROD10,2024-09-22,1,123.52,0.11,REP8,Pending
ORD000211,CUST47,PROD3,2025-08-07,2,471.94,0.23,REP1,Shipped
ORD000212,CUST294,PROD88,2024-11-21,1,328.33,0.29,REP6,Shipped
ORD000213,CUST224,PROD36,2024-10-08,5,307.79,0.06,REP14,Delivered
ORD000214,CUST230,PROD44,2025-09-06,5,261.22,0.16,REP12,Delivered
ORD000215,CUST11,PROD17,2025-06-04,7,123.03,0.09,REP8,Delivered
ORD000216,CUST84,PROD44,2024-12-08,9,96.5,0.24,REP20,Delivered
ORD000217,CUST47,PROD2,2024-12-31,9,118.04,0.17,REP15,Shipped
ORD000218,CUST227,PROD89,2025-05-16,3,101.35,0.19,REP1,Pending
ORD000219,CUST258,PROD20,2025-05-17,3,392.0,0.24,REP5,Shipped
ORD000220,CUST265,PROD1,2025-08-17,3,181.56,0.12,REP1,Shipped
ORD000221,CUST165,PROD44,2025-06-29,4,38.34,0.27,REP15,Pending
ORD000222,CUST133,PROD52,2024-09-21,8,484.86,0.16,REP7,Shipped
ORD000223,CUST101,PROD82,2024-12-18,6,443.06,0.05,REP2,Cancelled
ORD000224,CUST175,PROD25,2024-12-24,8,464.6,0.21,REP15,Cancelled
ORD000225,CUST201,PROD40,2024-10-03,1,497.5,0.24,REP8,Shipped
ORD000226,CUST116,PROD33,2025-07-02,8,95.21,0.1,REP14,Pending
ORD000227,CUST177,PROD10,2024-12-01,4,204.16,0.26,REP19,Cancelled
ORD000228,CUST54,PROD85,2025-05-28,1,381.54,0.27,REP9,Delivered
ORD000229,CUST265,PROD9,2025-01-31,8,351.05,0.08,REP7,Cancelled
ORD000230,CUST166,PROD49,2025-08-14,4,85.41,0.3,REP8,Cancelled
ORD000231,CUST300,PROD54,2025-03-24,6,409.76,0.04,REP1,Pending
ORD000232,CUST148,PROD18,2025-06-24,8,119.98,0.06,REP20,Pending
ORD000233,CUST91,PROD23,2025-03-28,4,119.67,0.06,REP14,Shipped
ORD000234,CUST8,PROD7,2025-09-05,3,273.12,0.27,REP7,Cancelled
ORD000235,CUST217,PROD42,2025-02-21,9,300.54,0.2,REP12,Pending
ORD000236,CUST248,PROD72,2024-12-06,3,294.24,0.05,REP17,Shipped
ORD000237,CUST126,PROD48,2025-05-14,9,54.83,0.13,REP12,Delivered
ORD000238,CUST147,PROD46,2024-11-04,2,439.96,0.18,REP9,Pending
ORD000239,CUST27,PROD70,2025-03-05,2,140.14,0.03,REP8,Pending
ORD000240,CUST60,PROD33,2025-08-31,2,73.46,0.26,REP19,Delivered
ORD000241,CUST49,PROD93,2025-02-07,6,445.49,0.24,REP5,Pending
ORD000242,CUST12,PROD88,2024-10-23,3,478.27,0.15,REP6,Pending
ORD000243,CUST101,PROD94,2025-06-27,9,432.44,0.29,REP14,Shipped
ORD000244,CUST280,PROD53,2025-01-23,4,406.66,0.13,REP8,Cancelled
ORD000245,CUST82,PROD71,2025-06-12,1,331.07,0.3,REP5,Delivered
ORD000246,CUST183,PROD100,2025-04-17,4,279.92,0.2,REP8,Cancelled
ORD000247,CUST274,PROD5,2025-08-29,1,52.62,0.19,REP8,Cancelled
ORD000248,CUST146,PROD28,2024-11-07,5,210.14,0.05,REP14,Shipped
ORD000249,CUST127,PROD32,2025-01-13,4,192.62,0.26,REP8,Pending
ORD000250,CUST244,PROD99,2025-01-14,8,137.28,0.13,REP4,Pending
ORD000251,CUST245,PROD81,2025-04-09,8,364.48,0.05,REP7,Delivered
ORD000252,CUST95,PROD73,2025-07-25,7,252.98,0.0,REP5,Cancelled
ORD000253,CUST110,PROD82,2024-11-22,3,49.71,0.17,REP17,Cancelled
ORD000254,CUST241,PROD53,2025-06-26,1,117.89,0.16,REP5,Pending
ORD000255,CUST32,PROD61,2024-11-09,1,344.8,0.22,REP17,Cancelled
ORD000256,CUST89,PROD38,2024-12-12,3,47.3,0.27,REP19,Pending
ORD000257,CUST260,PROD20,2025-06-14,6,427.09,0.02,REP18,Cancelled
ORD000258,CUST273,PROD88,2024-10-29,7,252.62,0.22,REP12,Cancelled
ORD000259,CUST272,PROD27,2025-06-04,6,245.49,0.06,REP5,Pending
ORD000260,CUST246,PROD11,2024-12-10,6,300.28,0.26,REP4,Shipped
ORD000261,CUST217,PROD89,2025-01-29,6,414.09,0.25,REP10,Delivered
ORD000262,CUST169,PROD95,2024-10-12,3,180.43,0.16,REP16,Delivered
ORD000263,CUST94,PROD9,2024-10-02,6,342.23,0.21,REP18,Cancelled
ORD000264,CUST200,PROD23,2024-10-21,8,287.21,0.09,REP7,Shipped
ORD000265,CUST236,PROD54,2025-07-20,2,140.84,0.14,REP16,Shipped
ORD000266,CUST206,PROD33,2024-10-20,5,440.53,0.25,REP5,Cancelled
ORD000267,CUST50,PROD31,2025-01-05,1,400.74,0.14,REP8,Delivered
ORD000268,CUST267,PROD72,2024-12-13,1,332.64,0.11,REP9,Shipped
ORD000269,CUST60,PROD10,2025-04-04,5,426.79,0.15,REP18,Pending
ORD000270,CUST266,PROD10,2025-07-08,3,434.97,0.25,REP14,Shipped
ORD000271,CUST143,PROD40,2025-05-24,4,357.1,0.1,REP2,Shipped
ORD000272,CUST199,PROD74,2025-03-12,3,420.14,0.05,REP17,Delivered
ORD000273,CUST297,PROD12,2024-11-16,1,351.76,0.21,REP3,Shipped
ORD000274,CUST285,PROD21,2024-12-08,1,343.27,0.25,REP16,Delivered
ORD000275,CUST296,PROD70,2025-06-06,5,313.12,0.03,REP13,Cancelled
ORD000276,CUST25,PROD70,2025-03-17,6,378.83,0.07,REP2,Pending
ORD000277,CUST60,PROD54,2025-02-02,3,87.72,0.04,REP16,Shipped
ORD000278,CUST5,PROD27,2024-10-27,9,441.63,0.1,REP6,Shipped
ORD000279,CUST251,PROD99,2025-03-21,5,437.2,0.14,REP13,Pending
ORD000280,CUST289,PROD20,2025-03-10,8,24.33,0.22,REP11,Delivered
ORD000281,CUST208,PROD51,2025-05-18,1,414.65,0.2,REP20,Shipped
ORD000282,CUST297,PROD74,2025-08-15,5,73.15,0.19,REP18,Shipped
ORD000283,CUST34,PROD61,2025-02-13,3,174.21,0.11,REP18,Cancelled
ORD000284,CUST228,PROD62,2025-01-12,1,374.32,0.25,REP12,Pending
ORD000285,CUST8,PROD70,2025-07-27,4,88.77,0.14,REP18,Delivered
ORD000286,CUST43,PROD76,2025-01-27,5,410.8,0.29,REP10,Shipped
ORD000287,CUST235,PROD12,2025-01-26,7,417.75,0.19,REP3,Pending
ORD000288,CUST32,PROD13,2025-01-02,1,258.66,0.04,REP6,Shipped
ORD000289,CUST240,PROD89,2025-01-22,3,13.13,0.2,REP13,Shipped
ORD000290,CUST120,PROD54,2025-06-23,2,150.65,0.1,REP11,Cancelled
ORD000291,CUST217,PROD71,2025-05-30,9,312.29,0.21,REP8,Pending
ORD000292,CUST202,PROD10,2025-04-10,6,490.78,0.02,REP7,Shipped
ORD000293,CUST1,PROD70,2025-04-08,3,319.59,0.05,REP18,Cancelled
ORD000294,CUST196,PROD98,2025-02-22,8,137.3,0.26,REP15,Pending
ORD000295,CUST151,PROD77,2024-11-11,8,320.66,0.07,REP4,Delivered
ORD000296,CUST82,PROD62,2025-03-28,2,274.59,0.25,REP1,Cancelled
ORD000297,CUST202,PROD5,2025-04-27,6,392.12,0.08,REP19,Pending
ORD000298,CUST62,PROD86,2025-06-23,7,62.42,0.19,REP10,Delivered
ORD000299,CUST194,PROD5,2025-07-21,2,382.9,0.21,REP2,Pending
ORD000300,CUST294,PROD32,2025-06-12,2,275.22,0.15,REP13,Shipped
ORD000301,CUST78,PROD65,2024-12-23,1,481.87,0.09,REP6,Cancelled
ORD000302,CUST14,PROD20,2025-01-07,8,177.52,0.06,REP6,Cancelled
ORD000303,CUST78,PROD31,2025-02-07,1,319.98,0.01,REP7,Pending
ORD000304,CUST47,PROD25,2025-02-21,9,466.69,0.09,REP10,Shipped
ORD000305,CUST235,PROD31,2025-03-09,6,60.23,0.2,REP14,Pending
ORD000306,CUST178,PROD64,2025-01-23,7,469.24,0.28,REP13,Delivered
ORD000307,CUST237,PROD59,2025-03-06,7,347.06,0.26,REP6,Pending
ORD000308,CUST212,PROD40,2025-04-09,3,43.24,0.23,REP16,Shipped
ORD000309,CUST174,PROD44,2025-04-21,2,157.47,0.24,REP9,Cancelled
ORD000310,CUST288,PROD62,2025-07-01,9,357.0,0.2,REP8,Delivered
ORD000311,CUST243,PROD89,2025-05-08,8,43.0,0.08,REP9,Delivered
ORD000312,CUST203,PROD83,2025-04-07,7,295.26,0.27,REP7,Delivered
ORD000313,CUST28,PROD92,2025-09-13,9,179.48,0.2,REP19,Pending
ORD000314,CUST181,PROD35,2024-11-05,4,314.25,0.17,REP15,Cancelled
ORD000315,CUST85,PROD71,2025-07-14,4,32.41,0.03,REP16,Shipped
ORD000316,CUST266,PROD58,2024-11-08,1,437.05,0.13,REP19,Pending
ORD000317,CUST212,PROD23,2025-09-10,8,487.01,0.14,REP10,Shipped
ORD000318,CUST207,PROD88,2025-07-31,3,484.75,0.26,REP19,Shipped
ORD000319,CUST157,PROD5,2025-06-25,7,377.33,0.16,REP12,Shipped
ORD000320,CUST231,PROD74,2025-01-04,2,73.74,0.11,REP10,Pending
ORD000321,CUST97,PROD56,2025-04-24,2,381.55,0.29,REP6,Pending
ORD000322,CUST99,PROD16,2025-04-19,7,22.05,0.03,REP5,Delivered
ORD000323,CUST247,PROD46,2025-01-24,6,20.84,0.13,REP5,Delivered
ORD000324,CUST147,PROD95,2025-05-23,3,168.57,0.01,REP2,Pending
ORD000325,CUST229,PROD6,2025-07-24,9,249.44,0.22,REP15,Delivered
ORD000326,CUST78,PROD2,2024-10-13,6,387.5,0.28,REP7,Cancelled
ORD000327,CUST167,PROD61,2025-08-19,6,344.81,0.08,REP15,Shipped
ORD000328,CUST15,PROD80,2025-01-10,1,228.49,0.26,REP17,Cancelled
ORD000329,CUST161,PROD23,2025-02-28,4,144.08,0.09,REP9,Shipped
ORD000330,CUST264,PROD39,2025-03-21,6,498.59,0.27,REP16,Shipped
ORD000331,CUST76,PROD70,2025-06-28,6,218.83,0.23,REP5,Pending
ORD000332,CUST54,PROD28,2024-10-24,5,231.18,0.24,REP20,Pending
ORD000333,CUST53,PROD95,2025-07-28,1,90.18,0.01,REP17,Delivered
ORD000334,CUST254,PROD84,2024-11-16,8,399.46,0.29,REP19,Cancelled
ORD000335,CUST232,PROD27,2024-11-28,5,349.9,0.22,REP6,Delivered
ORD000336,CUST250,PROD81,2025-01-18,5,118.18,0.09,REP16,Pending
ORD000337,CUST238,PROD27,2025-04-07,7,50.37,0.25,REP13,Shipped
ORD000338,CUST85,PROD98,2025-02-27,4,343.44,0.08,REP4,Shipped
ORD000339,CUST7,PROD28,2025-05-16,6,330.71,0.26,REP18,Delivered
ORD000340,CUST203,PROD79,2024-11-13,4,143.9,0.03,REP20,Shipped
ORD000341,CUST96,PROD74,2025-07-30,3,475.92,0.21,REP17,Shipped
ORD000342,CUST275,PROD81,2025-03-25,7,84.02,0.16,REP7,Shipped
ORD000343,CUST260,PROD69,2025-03-29,8,221.84,0.03,REP17,Delivered
ORD000344,CUST226,PROD83,2025-03-12,4,472.37,0.07,REP1,Pending
ORD000345,CUST49,PROD39,2025-05-29,2,215.67,0.0,REP8,Delivered
ORD000346,CUST48,PROD67,2024-11-11,3,322.88,0.14,REP6,Delivered
ORD000347,CUST193,PROD18,2025-09-10,1,204.82,0.09,REP5,Shipped
ORD000348,CUST176,PROD56,2024-11-28,8,144.37,0.18,REP17,Shipped
ORD000349,CUST22,PROD19,2025-09-09,3,492.15,0.09,REP12,Pending
ORD000350,CUST103,PROD77,2025-06-27,7,210.57,0.09,REP20,Cancelled
ORD000351,CUST211,PROD8,2025-06-13,5,448.11,0.22,REP10,Cancelled
ORD000352,CUST156,PROD57,2025-05-03,5,122.68,0.01,REP18,Cancelled
ORD000353,CUST167,PROD98,2025-01-07,7,114.42,0.27,REP18,Cancelled
ORD000354,CUST213,PROD42,2025-02-26,9,25.26,0.26,REP6,Pending
ORD000355,CUST272,PROD57,2025-05-31,5,329.32,0.2,REP10,Cancelled
ORD000356,CUST234,PROD56,2024-11-20,1,190.58,0.18,REP1,Cancelled
ORD000357,CUST111,PROD51,2025-03-08,1,433.54,0.27,REP2,Pending
ORD000358,CUST180,PROD62,2025-08-22,2,241.87,0.06,REP2,Delivered
ORD000359,CUST274,PROD92,2024-10-18,6,484.41,0.02,REP16,Delivered
ORD000360,CUST272,PROD6,2025-08-13,9,100.91,0.07,REP14,Pending
ORD000361,CUST257,PROD18,2025-02-13,8,435.63,0.24,REP7,Pending
ORD000362,CUST59,PROD53,2024-09-21,5,390.53,0.01,REP16,Cancelled
ORD000363,CUST98,PROD64,2024-11-11,1,387.75,0.17,REP4,Delivered
ORD000364,CUST232,PROD58,2025-07-08,7,423.94,0.3,REP7,Shipped
ORD000365,CUST164,PROD26,2025-04-04,5,382.9,0.26,REP8,Pending
ORD000366,CUST292,PROD36,2024-12-24,6,316.85,0.16,REP6,Cancelled
ORD000367,CUST81,PROD43,2025-04-23,7,74.31,0.02,REP13,Cancelled
ORD000368,CUST135,PROD14,2025-01-31,3,25.94,0.25,REP14,Pending
ORD000369,CUST297,PROD3,2025-08-08,3,461.22,0.18,REP17,Pending
ORD000370,CUST43,PROD84,2024-12-09,5,312.16,0.03,REP19,Shipped
ORD000371,CUST77,PROD99,2025-06-19,6,400.3,0.03,REP7,Cancelled
ORD000372,CUST130,PROD49,2024-10-03,9,245.95,0.27,REP1,Pending
ORD000373,CUST193,PROD62,2025-08-23,5,67.48,0.2,REP13,Pending
ORD000374,CUST112,PROD11,2025-08-23,1,71.34,0.25,REP15,Cancelled
ORD000375,CUST127,PROD89,2025-03-13,4,345.93,0.26,REP6,Cancelled
ORD000376,CUST173,PROD27,2025-09-15,5,220.85,0.17,REP6,Delivered
ORD000377,CUST216,PROD7,2024-10-06,5,108.26,0.16,REP4,Shipped
ORD000378,CUST25,PROD36,2025-03-09,7,250.88,0.13,REP8,Delivered
ORD000379,CUST51,PROD24,2024-09-25,4,41.46,0.1,REP13,Pending
ORD000380,CUST125,PROD28,2025-01-17,1,295.17,0.13,REP17,Cancelled
ORD000381,CUST28,PROD73,2025-03-24,5,141.81,0.23,REP7,Cancelled
ORD000382,CUST126,PROD14,2025-04-27,7,400.8,0.18,REP12,Delivered
ORD000383,CUST215,PROD74,2024-11-24,6,162.08,0.27,REP4,Delivered
ORD000384,CUST195,PROD1,2025-06-13,5,233.06,0.13,REP16,Pending
ORD000385,CUST116,PROD79,2025-01-13,4,15.69,0.18,REP1,Pending
ORD000386,CUST106,PROD22,2024-09-24,2,45.5,0.19,REP15,Pending
ORD000387,CUST69,PROD71,2025-07-11,4,202.32,0.18,REP6,Cancelled
ORD000388,CUST296,PROD24,2024-10-17,3,245.17,0.21,REP3,Pending
ORD000389,CUST91,PROD72,2025-03-09,1,304.01,0.07,REP14,Delivered
ORD000390,CUST187,PROD23,2025-01-11,8,152.91,0.15,REP19,Delivered
ORD000391,CUST47,PROD82,2025-02-20,5,350.54,0.03,REP12,Delivered
ORD000392,CUST177,PROD55,2025-06-07,4,431.46,0.12,REP18,Delivered
ORD000393,CUST142,PROD29,2024-09-25,8,392.13,0.15,REP2,Cancelled
ORD000394,CUST199,PROD49,2025-03-13,7,29.41,0.2,REP9,Shipped
ORD000395,CUST8,PROD51,2024-09-20,2,245.45,0.29,REP11,Shipped
ORD000396,CUST144,PROD78,2025-07-06,1,61.42,0.18,REP4,Delivered
ORD000397,CUST195,PROD4,2025-02-19,4,128.6,0.22,REP20,Delivered
ORD000398,CUST72,PROD24,2025-04-18,8,493.46,0.15,REP17,Shipped
ORD000399,CUST108,PROD65,2025-09-07,2,79.82,0.19,REP8,Shipped
ORD000400,CUST74,PROD4,2024-11-26,3,254.46,0.02,REP17,Delivered
ORD000401,CUST126,PROD18,2025-03-14,1,312.9,0.08,REP19,Cancelled
ORD000402,CUST217,PROD86,2025-07-31,1,354.21,0.11,REP6,Pending
ORD000403,CUST152,PROD79,2025-05-26,3,284.23,0.14,REP7,Shipped
ORD000404,CUST59,PROD87,2025-01-06,5,14.79,0.01,REP2,Delivered
ORD000405,CUST47,PROD24,2025-02-10,3,169.97,0.04,REP1,Pending
ORD000406,CUST125,PROD97,2025-09-07,1,263.68,0.08,REP7,Cancelled
ORD000407,CUST93,PROD33,2025-03-14,1,53.05,0.29,REP18,Cancelled
ORD000408,CUST37,PROD22,2025-06-20,8,181.81,0.1,REP8,Delivered
ORD000409,CUST21,PROD63,2025-08-29,2,26.27,0.14,REP10,Delivered
ORD000410,CUST189,PROD88,2025-01-03,3,48.5,0.06,REP14,Shipped
ORD000411,CUST252,PROD12,2025-04-09,2,204.49,0.18,REP2,Shipped
ORD000412,CUST294,PROD80,2024-12-28,3,75.03,0.08,REP14,Delivered
ORD000413,CUST285,PROD42,2025-07-31,7,288.1,0.06,REP16,Pending
ORD000414,CUST243,PROD8,2025-09-09,1,347.84,0.15,REP3,Pending
ORD000415,CUST184,PROD30,2025-01-14,8,402.29,0.0,REP3,Delivered
ORD000416,CUST137,PROD42,2025-04-18,2,108.07,0.0,REP18,Delivered
ORD000417,CUST180,PROD92,2025-01-27,3,92.07,0.07,REP9,Delivered
ORD000418,CUST127,PROD37,2024-12-20,9,61.24,0.01,REP9,Pending
ORD000419,CUST290,PROD27,2024-12-16,7,321.85,0.03,REP6,Delivered
ORD000420,CUST150,PROD26,2024-10-21,4,356.17,0.1,REP10,Shipped
ORD000421,CUST142,PROD41,2024-11-01,5,25.48,0.24,REP14,Cancelled
ORD000422,CUST278,PROD95,2024-12-05,2,468.74,0.17,REP6,Pending
ORD000423,CUST250,PROD78,2025-04-19,8,35.47,0.15,REP16,Delivered
ORD000424,CUST145,PROD5,2025-08-29,4,275.24,0.09,REP2,Shipped
ORD000425,CUST249,PROD85,2025-06-18,9,357.44,0.28,REP18,Cancelled
ORD000426,CUST276,PROD15,2025-04-16,5,436.77,0.12,REP5,Pending
ORD000427,CUST290,PROD35,2025-07-18,9,359.9,0.03,REP2,Delivered
ORD000428,CUST235,PROD50,2024-10-23,4,402.85,0.19,REP18,Shipped
ORD000429,CUST276,PROD37,2025-05-22,5,176.33,0.03,REP19,Shipped
ORD000430,CUST14,PROD56,2024-10-12,9,409.26,0.1,REP17,Shipped
ORD000431,CUST30,PROD58,2025-07-10,8,49.26,0.15,REP15,Cancelled
ORD000432,CUST138,PROD45,2024-09-28,3,448.46,0.26,REP12,Shipped
ORD000433,CUST169,PROD57,2024-10-09,1,278.32,0.15,REP10,Delivered
ORD000434,CUST286,PROD93,2024-11-30,3,410.48,0.21,REP4,Pending
ORD000435,CUST125,PROD55,2024-10-31,4,231.64,0.3,REP3,Cancelled
ORD000436,CUST145,PROD71,2025-07-08,2,325.35,0.04,REP8,Cancelled
ORD000437,CUST122,PROD12,2024-10-01,1,267.94,0.08,REP7,Delivered
ORD000438,CUST208,PROD43,2025-08-29,7,368.48,0.12,REP16,Delivered
ORD000439,CUST25,PROD67,2024-09-26,8,50.0,0.13,REP19,Cancelled
ORD000440,CUST280,PROD26,2025-05-08,7,39.57,0.12,REP13,Shipped
ORD000441,CUST194,PROD90,2024-12-18,5,131.08,0.27,REP15,Delivered
ORD000442,CUST286,PROD46,2024-09-23,1,88.18,0.21,REP12,Pending
ORD000443,CUST33,PROD27,2025-05-02,7,437.17,0.18,REP7,Pending
ORD000444,CUST119,PROD81,2025-05-18,7,117.41,0.09,REP7,Shipped
ORD000445,CUST139,PROD98,2024-11-04,9,488.17,0.25,REP7,Delivered
ORD000446,CUST216,PROD58,2024-11-11,3,175.08,0.29,REP8,Delivered
ORD000447,CUST25,PROD91,2025-03-07,9,99.24,0.25,REP5,Pending
ORD000448,CUST164,PROD74,2025-07-19,1,396.95,0.0,REP11,Pending
ORD000449,CUST246,PROD51,2024-11-03,1,332.77,0.19,REP13,Shipped
ORD000450,CUST88,PROD97,2024-11-19,4,254.12,0.02,REP18,Pending
ORD000451,CUST151,PROD70,2025-08-26,9,282.13,0.08,REP16,Pending
ORD000452,CUST31,PROD7,2025-02-27,6,362.41,0.02,REP11,Delivered
ORD000453,CUST18,PROD70,2025-01-16,3,121.94,0.18,REP13,Cancelled
ORD000454,CUST127,PROD72,2025-05-22,1,498.2,0.21,REP11,Cancelled
ORD000455,CUST225,PROD51,2025-07-04,4,487.65,0.03,REP17,Delivered
ORD000456,CUST110,PROD20,2025-07-21,9,328.66,0.12,REP13,Cancelled
ORD000457,CUST99,PROD49,2024-11-09,3,107.78,0.14,REP6,Cancelled
ORD000458,CUST133,PROD50,2025-02-26,9,343.31,0.11,REP12,Pending
ORD000459,CUST28,PROD90,2025-08-26,7,45.38,0.04,REP2,Delivered
ORD000460,CUST189,PROD12,2025-08-27,4,25.02,0.13,REP2,Shipped
ORD000461,CUST11,PROD67,2024-11-26,3,136.26,0.23,REP18,Pending
ORD000462,CUST89,PROD65,2025-06-13,5,236.69,0.02,REP19,Shipped
ORD000463,CUST95,PROD94,2024-10-03,5,435.45,0.02,REP5,Shipped
ORD000464,CUST50,PROD93,2025-07-05,3,366.31,0.11,REP8,Cancelled
ORD000465,CUST294,PROD1,2025-07-10,9,373.93,0.28,REP5,Pending
ORD000466,CUST199,PROD11,2025-09-07,4,218.49,0.2,REP20,Shipped
ORD000467,CUST239,PROD13,2025-08-20,5,179.51,0.2,REP12,Delivered
ORD000468,CUST230,PROD8,2025-01-08,4,191.81,0.11,REP10,Shipped
ORD000469,CUST275,PROD39,2025-04-04,5,493.95,0.18,REP18,Cancelled
ORD000470,CUST282,PROD45,2024-09-16,7,29.65,0.0,REP16,Cancelled
ORD000471,CUST136,PROD83,2025-05-31,9,434.85,0.19,REP13,Pending
ORD000472,CUST18,PROD58,2025-07-27,7,293.55,0.27,REP20,Cancelled
ORD000473,CUST266,PROD77,2024-11-01,5,224.92,0.18,REP20,Pending
ORD000474,CUST199,PROD98,2025-03-01,7,365.38,0.26,REP10,Delivered
ORD000475,CUST33,PROD88,2025-04-20,5,248.47,0.22,REP4,Pending
ORD000476,CUST173,PROD25,2025-04-13,3,437.98,0.04,REP1,Pending
ORD000477,CUST96,PROD14,2025-01-16,7,451.34,0.27,REP5,Cancelled
ORD000478,CUST32,PROD61,2025-01-01,2,216.64,0.02,REP11,Shipped
ORD000479,CUST225,PROD94,2025-08-19,9,145.65,0.16,REP1,Cancelled
ORD000480,CUST166,PROD43,2025-01-07,1,300.25,0.04,REP3,Cancelled
ORD000481,CUST177,PROD85,2025-05-16,6,457.06,0.0,REP6,Cancelled
ORD000482,CUST138,PROD67,2024-09-18,7,113.22,0.13,REP16,Shipped
ORD000483,CUST158,PROD12,2025-08-10,8,315.25,0.09,REP19,Shipped
ORD000484,CUST243,PROD68,2025-05-26,9,319.46,0.15,REP16,Cancelled
ORD000485,CUST282,PROD36,2025-06-07,2,369.23,0.17,REP1,Cancelled
ORD000486,CUST85,PROD3,2025-05-20,2,74.47,0.01,REP4,Shipped
ORD000487,CUST291,PROD42,2024-10-08,5,360.75,0.04,REP11,Delivered
ORD000488,CUST15,PROD77,2024-11-01,5,455.43,0.17,REP4,Cancelled
ORD000489,CUST279,PROD96,2025-01-09,6,98.04,0.1,REP16,Cancelled
ORD000490,CUST281,PROD33,2025-01-13,3,126.4,0.22,REP12,Delivered
ORD000491,CUST154,PROD47,2025-04-16,8,485.98,0.2,REP18,Shipped
ORD000492,CUST54,PROD58,2025-08-01,1,98.68,0.25,REP3,Delivered
ORD000493,CUST80,PROD11,2025-04-08,6,428.65,0.21,REP7,Pending
ORD000494,CUST58,PROD80,2025-03-10,4,251.22,0.13,REP4,Delivered
ORD000495,CUST180,PROD6,2024-10-12,1,131.14,0.2,REP20,Shipped
ORD000496,CUST47,PROD73,2025-06-23,7,436.67,0.08,REP2,Delivered
ORD000497,CUST227,PROD23,2025-03-18,9,228.2,0.09,REP11,Delivered
ORD000498,CUST22,PROD100,2024-10-28,4,262.26,0.24,REP15,Delivered
ORD000499,CUST280,PROD54,2025-01-12,4,186.02,0.13,REP2,Cancelled
ORD000500,CUST43,PROD11,2025-02-24,6,300.55,0.24,REP19,Pending
ORD000501,CUST245,PROD65,2024-12-09,3,90.13,0.25,REP17,Pending
ORD000502,CUST61,PROD30,2025-06-17,6,201.63,0.26,REP4,Delivered
ORD000503,CUST132,PROD4,2025-03-12,7,485.01,0.27,REP8,Cancelled
ORD000504,CUST280,PROD99,2025-09-15,3,136.49,0.13,REP13,Shipped
ORD000505,CUST46,PROD36,2025-03-20,7,331.8,0.1,REP9,Shipped
ORD000506,CUST182,PROD77,2024-12-12,3,169.34,0.17,REP6,Delivered
ORD000507,CUST223,PROD1,2024-10-01,2,389.0,0.11,REP13,Shipped
ORD000508,CUST21,PROD58,2025-07-18,4,74.13,0.18,REP20,Pending
ORD000509,CUST163,PROD29,2025-01-25,8,485.21,0.21,REP18,Pending
ORD000510,CUST98,PROD84,2025-09-03,9,232.36,0.21,REP17,Shipped
ORD000511,CUST129,PROD33,2024-11-18,7,125.66,0.11,REP13,Shipped
ORD000512,CUST100,PROD17,2025-07-01,1,46.01,0.05,REP7,Shipped
ORD000513,CUST194,PROD81,2025-09-03,3,93.18,0.13,REP14,Pending
ORD000514,CUST55,PROD95,2024-11-02,9,264.69,0.04,REP6,Cancelled
ORD000515,CUST90,PROD95,2024-10-25,1,175.13,0.27,REP5,Shipped
ORD000516,CUST105,PROD67,2024-10-04,9,416.15,0.1,REP1,Delivered
ORD000517,CUST234,PROD74,2025-01-30,8,221.13,0.05,REP3,Cancelled
ORD000518,CUST244,PROD47,2025-08-19,1,131.87,0.01,REP11,Shipped
ORD000519,CUST275,PROD99,2025-08-16,6,312.4,0.19,REP3,Cancelled
ORD000520,CUST22,PROD43,2025-08-10,5,356.32,0.19,REP19,Shipped
ORD000521,CUST123,PROD53,2025-04-19,6,91.85,0.1,REP4,Delivered
ORD000522,CUST258,PROD72,2025-06-28,5,92.13,0.02,REP20,Delivered
ORD000523,CUST58,PROD17,2025-05-14,6,27.97,0.12,REP18,Cancelled
ORD000524,CUST254,PROD4,2025-07-01,5,370.84,0.09,REP14,Pending
ORD000525,CUST290,PROD70,2025-06-08,5,335.26,0.2,REP9,Delivered
ORD000526,CUST145,PROD85,2024-11-01,4,242.57,0.18,REP19,Delivered
ORD000527,CUST39,PROD72,2025-04-16,3,423.64,0.11,REP2,Pending
ORD000528,CUST293,PROD71,2025-03-25,3,404.78,0.07,REP2,Pending
ORD000529,CUST268,PROD60,2025-06-10,4,296.82,0.3,REP9,Pending
ORD000530,CUST73,PROD37,2025-01-22,9,435.45,0.14,REP3,Shipped
ORD000531,CUST164,PROD80,2025-01-12,2,110.86,0.21,REP9,Delivered
ORD000532,CUST138,PROD86,2025-08-14,9,64.84,0.04,REP13,Pending
ORD000533,CUST219,PROD27,2025-09-07,1,142.18,0.15,REP6,Pending
ORD000534,CUST81,PROD8,2024-10-09,1,37.97,0.01,REP8,Shipped
ORD000535,CUST13,PROD78,2025-04-02,5,270.27,0.15,REP18,Cancelled
ORD000536,CUST115,PROD58,2024-11-12,6,468.94,0.29,REP10,Pending
ORD000537,CUST194,PROD63,2025-06-22,6,29.28,0.12,REP10,Shipped
ORD000538,CUST124,PROD25,2024-11-19,3,69.83,0.01,REP13,Delivered
ORD000539,CUST257,PROD5,2025-01-13,7,231.58,0.01,REP5,Pending
ORD000540,CUST32,PROD73,2024-11-11,9,467.6,0.12,REP11,Shipped
ORD000541,CUST205,PROD66,2025-01-29,8,164.92,0.05,REP4,Cancelled
ORD000542,CUST133,PROD35,2025-09-08,6,258.55,0.01,REP4,Pending
ORD000543,CUST134,PROD71,2025-01-21,8,30.37,0.23,REP14,Delivered
ORD000544,CUST21,PROD95,2024-12-07,5,82.69,0.14,REP9,Cancelled
ORD000545,CUST111,PROD21,2025-07-17,8,493.45,0.09,REP7,Shipped
ORD000546,CUST254,PROD35,2025-07-26,4,482.91,0.27,REP15,Cancelled
ORD000547,CUST294,PROD64,2025-04-27,8,12.42,0.03,REP19,Cancelled
ORD000548,CUST37,PROD74,2025-06-19,2,476.39,0.29,REP10,Shipped
ORD000549,CUST124,PROD73,2024-11-08,5,323.17,0.09,REP10,Pending
ORD000550,CUST253,PROD21,2025-08-26,9,435.28,0.27,REP18,Cancelled
ORD000551,CUST120,PROD20,2025-04-03,4,232.82,0.18,REP7,Shipped
ORD000552,CUST200,PROD60,2025-07-02,6,262.64,0.25,REP4,Shipped
ORD000553,CUST294,PROD56,2024-12-17,1,249.53,0.3,REP15,Delivered
ORD000554,CUST54,PROD95,2025-02-05,9,336.76,0.09,REP8,Pending
ORD000555,CUST109,PROD59,2025-07-09,1,78.43,0.29,REP17,Shipped
ORD000556,CUST20,PROD4,2025-01-24,5,24.69,0.12,REP9,Pending
ORD000557,CUST211,PROD99,2025-06-15,4,160.89,0.12,REP18,Delivered
ORD000558,CUST185,PROD71,2025-03-03,3,355.29,0.1,REP20,Pending
ORD000559,CUST213,PROD53,2024-09-26,6,108.91,0.16,REP17,Cancelled
ORD000560,CUST65,PROD80,2024-09-22,2,339.98,0.05,REP11,Cancelled
ORD000561,CUST229,PROD23,2025-02-19,3,485.26,0.17,REP9,Cancelled
ORD000562,CUST153,PROD9,2024-11-30,5,56.01,0.16,REP11,Cancelled
ORD000563,CUST228,PROD15,2024-10-07,9,339.58,0.23,REP7,Shipped
ORD000564,CUST40,PROD35,2025-02-09,2,227.44,0.25,REP18,Pending
ORD000565,CUST78,PROD49,2025-05-17,8,435.39,0.13,REP18,Pending
ORD000566,CUST35,PROD39,2025-06-20,2,96.8,0.09,REP11,Delivered
ORD000567,CUST150,PROD86,2025-03-10,5,349.39,0.08,REP11,Cancelled
ORD000568,CUST24,PROD83,2024-11-12,7,420.68,0.06,REP1,Cancelled
ORD000569,CUST290,PROD3,2024-12-09,8,472.86,0.02,REP19,Shipped
ORD000570,CUST260,PROD48,2024-11-28,1,344.79,0.1,REP10,Pending
ORD000571,CUST107,PROD22,2025-03-31,6,253.62,0.08,REP20,Delivered
ORD000572,CUST90,PROD63,2025-02-28,1,312.75,0.29,REP1,Pending
ORD000573,CUST73,PROD45,2024-11-03,2,435.76,0.17,REP2,Pending
ORD000574,CUST174,PROD16,2025-03-07,1,289.6,0.1,REP4,Cancelled
ORD000575,CUST181,PROD51,2025-02-01,5,24.89,0.17,REP6,Delivered
ORD000576,CUST229,PROD25,2025-03-07,9,466.16,0.04,REP4,Shipped
ORD000577,CUST268,PROD39,2024-10-25,6,347.87,0.13,REP11,Cancelled
ORD000578,CUST225,PROD67,2024-11-08,1,341.49,0.19,REP2,Pending
ORD000579,CUST187,PROD81,2025-02-09,1,115.68,0.15,REP16,Cancelled
ORD000580,CUST179,PROD81,2025-07-29,2,332.85,0.12,REP8,Cancelled
ORD000581,CUST133,PROD78,2025-02-20,9,202.99,0.3,REP14,Cancelled
ORD000582,CUST136,PROD29,2025-05-11,3,329.1,0.26,REP16,Shipped
ORD000583,CUST246,PROD52,2025-06-23,1,62.23,0.19,REP19,Delivered
ORD000584,CUST36,PROD92,2025-08-04,5,332.34,0.17,REP6,Shipped
ORD000585,CUST23,PROD65,2025-08-28,7,499.71,0.19,REP10,Pending
ORD000586,CUST256,PROD62,2025-07-03,6,33.62,0.06,REP7,Cancelled
ORD000587,CUST28,PROD47,2025-04-04,1,488.82,0.12,REP4,Shipped
ORD000588,CUST73,PROD27,2024-11-21,5,209.38,0.01,REP9,Shipped
ORD000589,CUST299,PROD92,2025-08-28,5,436.67,0.14,REP8,Shipped
ORD000590,CUST132,PROD24,2024-11-25,6,393.37,0.16,REP3,Shipped
ORD000591,CUST169,PROD42,2024-11-30,3,287.84,0.07,REP10,Cancelled
ORD000592,CUST65,PROD97,2025-05-13,5,371.84,0.29,REP13,Cancelled
ORD000593,CUST204,PROD32,2024-10-11,7,440.47,0.27,REP3,Shipped
ORD000594,CUST217,PROD41,2025-08-18,5,208.03,0.22,REP17,Pending
ORD000595,CUST116,PROD94,2025-07-28,5,170.25,0.16,REP14,Cancelled
ORD000596,CUST76,PROD68,2025-04-25,5,337.12,0.26,REP1,Shipped
ORD000597,CUST225,PROD88,2024-11-21,3,405.84,0.04,REP8,Shipped
ORD000598,CUST218,PROD27,2025-09-05,1,383.52,0.24,REP2,Cancelled
ORD000599,CUST16,PROD79,2024-12-03,5,400.93,0.04,REP1,Pending
ORD000600,CUST86,PROD24,2025-06-03,9,223.44,0.24,REP9,Delivered
ORD000601,CUST80,PROD53,2024-10-22,1,410.74,0.08,REP8,Pending
ORD000602,CUST256,PROD58,2024-09-28,3,68.9,0.26,REP10,Cancelled
ORD000603,CUST25,PROD11,2025-06-21,4,276.8,0.28,REP13,Cancelled
ORD000604,CUST274,PROD29,2025-06-02,1,12.82,0.04,REP5,Cancelled
ORD000605,CUST264,PROD60,2025-06-20,1,169.05,0.14,REP12,Pending
ORD000606,CUST274,PROD10,2025-02-01,8,189.57,0.29,REP11,Delivered
ORD000607,CUST75,PROD18,2025-06-21,2,204.12,0.15,REP3,Pending
ORD000608,CUST205,PROD20,2025-03-01,8,350.78,0.26,REP6,Delivered
ORD000609,CUST160,PROD26,2024-09-30,7,200.39,0.18,REP10,Delivered
ORD000610,CUST69,PROD50,2025-05-25,2,229.86,0.11,REP14,Delivered
ORD000611,CUST243,PROD4,2025-07-26,6,126.4,0.09,REP12,Delivered
ORD000612,CUST273,PROD29,2024-12-31,6,192.89,0.06,REP16,Cancelled
ORD000613,CUST272,PROD64,2024-11-30,3,121.36,0.23,REP9,Delivered
ORD000614,CUST99,PROD53,2024-10-20,2,45.87,0.12,REP9,Pending
ORD000615,CUST229,PROD30,2025-02-03,1,305.69,0.15,REP18,Shipped
ORD000616,CUST186,PROD71,2025-03-30,6,337.42,0.15,REP20,Pending
ORD000617,CUST255,PROD20,2025-02-18,5,313.55,0.17,REP11,Shipped
ORD000618,CUST5,PROD21,2025-08-21,9,237.11,0.26,REP5,Pending
ORD000619,CUST196,PROD6,2025-04-30,1,196.1,0.29,REP1,Delivered
ORD000620,CUST20,PROD56,2025-05-21,7,433.03,0.12,REP15,Delivered
ORD000621,CUST186,PROD73,2024-10-13,5,264.35,0.25,REP10,Pending
ORD000622,CUST139,PROD53,2025-08-19,5,244.8,0.23,REP8,Cancelled
ORD000623,CUST232,PROD89,2025-02-19,2,22.56,0.17,REP19,Shipped
ORD000624,CUST92,PROD25,2025-04-19,3,177.21,0.29,REP6,Shipped
ORD000625,CUST283,PROD45,2025-07-05,7,196.3,0.06,REP17,Delivered
ORD000626,CUST169,PROD94,2025-05-27,6,205.42,0.03,REP19,Pending
ORD000627,CUST18,PROD11,2025-02-28,2,294.28,0.26,REP20,Shipped
ORD000628,CUST283,PROD16,2025-08-09,6,271.47,0.13,REP18,Shipped
ORD000629,CUST1,PROD11,2025-09-11,2,307.87,0.25,REP15,Delivered
ORD000630,CUST189,PROD3,2025-05-13,2,384.79,0.27,REP1,Pending
ORD000631,CUST121,PROD84,2025-08-07,2,408.36,0.02,REP13,Shipped
ORD000632,CUST50,PROD55,2024-12-01,3,361.88,0.27,REP20,Shipped
ORD000633,CUST164,PROD30,2024-10-13,2,478.21,0.13,REP11,Pending
ORD000634,CUST195,PROD36,2025-04-20,4,18.93,0.15,REP8,Pending
ORD000635,CUST212,PROD84,2025-02-11,9,105.93,0.19,REP6,Cancelled
ORD000636,CUST100,PROD67,2025-06-18,6,13.71,0.28,REP16,Cancelled
ORD000637,CUST277,PROD57,2025-06-27,1,327.26,0.01,REP17,Cancelled
ORD000638,CUST81,PROD28,2025-05-20,8,450.03,0.14,REP9,Shipped
ORD000639,CUST217,PROD72,2025-07-12,7,129.31,0.21,REP12,Shipped
ORD000640,CUST227,PROD69,2025-08-29,3,464.25,0.22,REP7,Cancelled
ORD000641,CUST54,PROD29,2024-10-13,1,39.53,0.21,REP13,Delivered
ORD000642,CUST187,PROD54,2025-07-24,5,467.87,0.04,REP11,Pending
ORD000643,CUST140,PROD33,2025-04-16,4,182.3,0.09,REP18,Delivered
ORD000644,CUST77,PROD44,2024-12-02,8,59.7,0.11,REP18,Pending
ORD000645,CUST272,PROD83,2025-04-19,1,248.08,0.24,REP12,Pending
ORD000646,CUST262,PROD27,2025-05-16,1,135.82,0.08,REP5,Pending
ORD000647,CUST48,PROD50,2025-04-14,4,149.59,0.06,REP15,Shipped
ORD000648,CUST21,PROD61,2025-02-19,8,160.57,0.29,REP19,Pending
ORD000649,CUST48,PROD66,2025-03-04,5,403.48,0.0,REP13,Shipped
ORD000650,CUST269,PROD69,2025-04-20,2,274.19,0.3,REP3,Delivered
ORD000651,CUST280,PROD28,2025-06-12,6,162.54,0.2,REP1,Pending
ORD000652,CUST103,PROD50,2025-06-23,5,309.06,0.25,REP12,Shipped
ORD000653,CUST286,PROD9,2024-10-17,2,360.91,0.09,REP8,Shipped
ORD000654,CUST197,PROD44,2025-03-12,3,143.59,0.0,REP8,Shipped
ORD000655,CUST46,PROD13,2025-04-08,9,212.64,0.22,REP4,Cancelled
ORD000656,CUST23,PROD3,2025-05-08,7,69.72,0.25,REP18,Cancelled
ORD000657,CUST266,PROD89,2025-04-04,7,98.76,0.22,REP4,Delivered
ORD000658,CUST297,PROD94,2025-03-09,6,343.75,0.04,REP4,Shipped
ORD000659,CUST242,PROD58,2025-05-17,8,98.9,0.23,REP20,Shipped
ORD000660,CUST47,PROD28,2024-10-15,4,267.33,0.23,REP5,Shipped
ORD000661,CUST128,PROD18,2024-10-08,8,357.43,0.2,REP18,Shipped
ORD000662,CUST300,PROD54,2024-12-05,4,62.37,0.23,REP2,Cancelled
ORD000663,CUST172,PROD57,2024-11-14,8,287.98,0.25,REP19,Shipped
ORD000664,CUST259,PROD53,2025-04-19,9,135.72,0.18,REP16,Pending
ORD000665,CUST159,PROD80,2024-12-06,3,481.83,0.03,REP6,Pending
ORD000666,CUST186,PROD69,2025-08-07,3,246.94,0.15,REP13,Delivered
ORD000667,CUST137,PROD61,2025-09-06,2,404.94,0.02,REP13,Delivered
ORD000668,CUST190,PROD91,2025-03-27,3,279.61,0.12,REP2,Cancelled
ORD000669,CUST267,PROD51,2025-07-26,3,31.27,0.12,REP6,Cancelled
ORD000670,CUST159,PROD68,2024-10-28,5,320.24,0.02,REP10,Delivered
ORD000671,CUST75,PROD89,2024-10-18,5,476.19,0.1,REP9,Delivered
ORD000672,CUST182,PROD37,2025-01-12,2,304.79,0.03,REP19,Cancelled
ORD000673,CUST206,PROD46,2025-06-13,6,411.4,0.24,REP6,Delivered
ORD000674,CUST69,PROD77,2025-02-22,5,443.26,0.28,REP14,Shipped
ORD000675,CUST113,PROD28,2024-11-01,6,121.76,0.02,REP1,Delivered
ORD000676,CUST27,PROD95,2024-11-30,1,113.9,0.29,REP7,Shipped
ORD000677,CUST153,PROD35,2024-11-22,5,309.38,0.16,REP13,Shipped
ORD000678,CUST185,PROD53,2025-03-17,9,211.4,0.09,REP3,Cancelled
ORD000679,CUST267,PROD26,2024-09-30,2,421.53,0.02,REP17,Pending
ORD000680,CUST114,PROD63,2025-08-29,1,451.01,0.15,REP6,Shipped
ORD000681,CUST168,PROD99,2025-08-23,9,183.18,0.24,REP9,Shipped
ORD000682,CUST142,PROD4,2025-08-11,9,126.07,0.21,REP19,Delivered
ORD000683,CUST109,PROD35,2025-04-05,9,392.46,0.02,REP2,Cancelled
ORD000684,CUST236,PROD63,2024-11-12,6,144.65,0.02,REP16,Cancelled
ORD000685,CUST34,PROD42,2025-05-08,8,413.08,0.12,REP18,Delivered
ORD000686,CUST1,PROD70,2025-02-18,1,217.63,0.09,REP16,Cancelled
ORD000687,CUST38,PROD19,2024-12-20,4,337.1,0.07,REP20,Delivered
ORD000688,CUST121,PROD29,2025-04-20,1,56.81,0.08,REP5,Shipped
ORD000689,CUST199,PROD35,2025-07-16,8,315.69,0.24,REP18,Shipped
ORD000690,CUST288,PROD92,2025-06-12,1,231.37,0.28,REP4,Delivered
ORD000691,CUST244,PROD90,2025-02-25,3,297.44,0.12,REP12,Shipped
ORD000692,CUST172,PROD74,2025-08-14,4,92.33,0.27,REP9,Delivered
ORD000693,CUST8,PROD68,2025-05-08,8,371.07,0.1,REP16,Shipped
ORD000694,CUST107,PROD19,2025-07-21,6,432.77,0.14,REP12,Shipped
ORD000695,CUST57,PROD14,2024-11-26,7,116.2,0.07,REP14,Delivered
ORD000696,CUST97,PROD59,2025-02-11,8,56.9,0.19,REP8,Pending
ORD000697,CUST239,PROD33,2025-02-16,2,21.58,0.29,REP5,Delivered
ORD000698,CUST195,PROD77,2025-08-28,8,324.57,0.18,REP18,Delivered
ORD000699,CUST221,PROD3,2025-02-04,3,307.48,0.11,REP11,Cancelled
ORD000700,CUST19,PROD72,2025-06-01,7,277.88,0.19,REP7,Shipped
ORD000701,CUST137,PROD63,2025-04-12,3,123.65,0.04,REP12,Shipped
ORD000702,CUST120,PROD19,2025-07-10,7,201.54,0.27,REP1,Shipped
ORD000703,CUST226,PROD63,2025-02-25,2,301.29,0.15,REP2,Cancelled
ORD000704,CUST106,PROD10,2025-04-13,6,253.42,0.13,REP2,Delivered
ORD000705,CUST125,PROD40,2025-01-31,3,494.01,0.18,REP15,Pending
ORD000706,CUST67,PROD68,2025-04-19,3,76.86,0.19,REP10,Shipped
ORD000707,CUST132,PROD58,2025-03-13,9,350.62,0.02,REP4,Pending
ORD000708,CUST247,PROD43,2025-02-12,7,208.12,0.2,REP15,Pending
ORD000709,CUST239,PROD91,2025-04-28,5,219.82,0.07,REP15,Pending
ORD000710,CUST286,PROD67,2024-09-28,7,361.62,0.21,REP19,Delivered
ORD000711,CUST161,PROD43,2025-02-25,9,349.29,0.25,REP19,Pending
ORD000712,CUST67,PROD96,2025-05-03,1,495.72,0.24,REP17,Cancelled
ORD000713,CUST239,PROD92,2025-06-21,7,72.91,0.17,REP20,Pending
ORD000714,CUST8,PROD43,2024-12-06,6,61.01,0.16,REP17,Cancelled
ORD000715,CUST50,PROD29,2025-04-12,9,364.93,0.04,REP14,Shipped
ORD000716,CUST171,PROD97,2025-06-17,1,293.41,0.23,REP7,Pending
ORD000717,CUST128,PROD69,2025-05-30,4,144.34,0.08,REP15,Shipped
ORD000718,CUST7,PROD38,2025-02-15,9,48.92,0.15,REP8,Delivered
ORD000719,CUST27,PROD56,2024-10-07,4,51.97,0.09,REP18,Shipped
ORD000720,CUST254,PROD45,2024-09-25,3,448.15,0.04,REP10,Cancelled
ORD000721,CUST177,PROD5,2025-01-02,9,104.01,0.19,REP2,Delivered
ORD000722,CUST165,PROD31,2024-12-20,2,168.45,0.02,REP2,Cancelled
ORD000723,CUST148,PROD15,2025-01-23,4,121.06,0.22,REP5,Delivered
ORD000724,CUST270,PROD72,2025-08-13,6,183.95,0.1,REP16,Pending
ORD000725,CUST46,PROD73,2025-03-18,2,44.02,0.0,REP6,Pending
ORD000726,CUST213,PROD77,2025-04-15,8,264.34,0.15,REP20,Shipped
ORD000727,CUST59,PROD97,2025-09-04,8,43.13,0.01,REP8,Cancelled
ORD000728,CUST236,PROD88,2025-07-26,1,402.17,0.08,REP2,Pending
ORD000729,CUST286,PROD40,2024-11-23,3,124.52,0.21,REP8,Delivered
ORD000730,CUST142,PROD18,2025-07-28,9,274.61,0.02,REP17,Delivered
ORD000731,CUST125,PROD83,2024-11-14,5,441.24,0.25,REP16,Cancelled
ORD000732,CUST143,PROD90,2025-06-10,6,328.93,0.0,REP7,Shipped
ORD000733,CUST261,PROD78,2025-07-11,4,271.15,0.07,REP6,Shipped
ORD000734,CUST145,PROD41,2025-04-01,2,168.92,0.22,REP20,Shipped
ORD000735,CUST54,PROD79,2024-11-12,8,173.17,0.09,REP13,Shipped
ORD000736,CUST219,PROD75,2025-08-20,6,338.05,0.03,REP10,Shipped
ORD000737,CUST294,PROD10,2025-06-22,5,497.13,0.11,REP4,Delivered
ORD000738,CUST266,PROD91,2025-08-06,9,334.3,0.08,REP20,Cancelled
ORD000739,CUST128,PROD87,2024-09-19,1,283.31,0.25,REP20,Delivered
ORD000740,CUST270,PROD56,2025-08-16,5,368.02,0.09,REP16,Delivered
ORD000741,CUST232,PROD49,2025-04-10,6,237.95,0.24,REP15,Delivered
ORD000742,CUST131,PROD2,2025-06-10,5,39.47,0.27,REP12,Delivered
ORD000743,CUST153,PROD97,2025-03-28,6,285.53,0.13,REP6,Cancelled
ORD000744,CUST135,PROD85,2024-09-16,6,479.24,0.27,REP2,Shipped
ORD000745,CUST80,PROD43,2025-06-04,7,95.9,0.11,REP8,Pending
ORD000746,CUST103,PROD58,2024-12-08,4,348.1,0.29,REP2,Shipped
ORD000747,CUST91,PROD73,2025-08-12,8,108.46,0.03,REP11,Delivered
ORD000748,CUST11,PROD91,2025-03-27,7,272.56,0.21,REP16,Shipped
ORD000749,CUST235,PROD51,2024-09-26,9,57.37,0.15,REP11,Shipped
ORD000750,CUST184,PROD49,2025-01-19,7,230.68,0.12,REP5,Shipped
ORD000751,CUST224,PROD63,2025-04-04,3,380.52,0.19,REP19,Cancelled
ORD000752,CUST135,PROD84,2025-09-03,3,180.31,0.21,REP16,Cancelled
ORD000753,CUST65,PROD59,2024-10-05,8,335.81,0.0,REP5,Delivered
ORD000754,CUST59,PROD83,2025-03-22,5,399.77,0.05,REP7,Pending
ORD000755,CUST260,PROD97,2024-10-10,4,464.32,0.21,REP6,Shipped
ORD000756,CUST20,PROD24,2025-04-19,8,124.97,0.2,REP15,Pending
ORD000757,CUST184,PROD7,2025-03-05,6,205.66,0.29,REP10,Delivered
ORD000758,CUST17,PROD66,2025-06-25,2,84.68,0.23,REP12,Delivered
ORD000759,CUST134,PROD74,2025-01-18,4,496.32,0.29,REP13,Pending
ORD000760,CUST210,PROD24,2024-12-23,4,464.23,0.21,REP5,Delivered
ORD000761,CUST119,PROD97,2024-12-27,6,274.58,0.09,REP17,Shipped
ORD000762,CUST24,PROD87,2025-01-29,6,422.6,0.03,REP6,Pending
ORD000763,CUST189,PROD4,2024-11-27,1,265.27,0.23,REP19,Cancelled
ORD000764,CUST8,PROD32,2024-11-02,8,315.56,0.19,REP1,Pending
ORD000765,CUST262,PROD50,2025-03-17,6,53.67,0.01,REP1,Cancelled
ORD000766,CUST40,PROD95,2025-04-16,3,380.08,0.11,REP5,Shipped
ORD000767,CUST229,PROD54,2025-03-05,9,72.58,0.29,REP2,Delivered
ORD000768,CUST47,PROD81,2024-11-09,2,414.77,0.15,REP3,Cancelled
ORD000769,CUST181,PROD27,2024-12-17,8,393.19,0.13,REP1,Cancelled
ORD000770,CUST126,PROD82,2025-04-01,3,357.28,0.14,REP14,Cancelled
ORD000771,CUST158,PROD90,2025-05-09,5,27.72,0.06,REP12,Shipped
ORD000772,CUST147,PROD74,2025-03-27,6,158.53,0.11,REP16,Cancelled
ORD000773,CUST178,PROD69,2025-03-23,6,138.93,0.11,REP20,Cancelled
ORD000774,CUST231,PROD55,2025-02-03,4,186.47,0.02,REP17,Shipped
ORD000775,CUST197,PROD49,2025-09-06,3,52.94,0.23,REP18,Cancelled
ORD000776,CUST18,PROD23,2025-05-17,4,469.11,0.12,REP4,Pending
ORD000777,CUST204,PROD47,2025-08-08,1,281.36,0.25,REP3,Cancelled
ORD000778,CUST146,PROD10,2025-02-17,4,159.71,0.26,REP18,Cancelled
ORD000779,CUST212,PROD93,2025-08-24,1,204.52,0.06,REP14,Pending
ORD000780,CUST213,PROD87,2024-10-25,1,229.13,0.2,REP20,Cancelled
ORD000781,CUST154,PROD37,2025-01-07,6,304.29,0.14,REP9,Cancelled
ORD000782,CUST105,PROD72,2024-12-11,5,262.68,0.26,REP16,Shipped
ORD000783,CUST87,PROD75,2025-05-03,4,460.5,0.06,REP4,Shipped
ORD000784,CUST41,PROD22,2025-04-19,3,253.51,0.2,REP10,Shipped
ORD000785,CUST133,PROD88,2025-06-02,1,496.16,0.18,REP14,Cancelled
ORD000786,CUST81,PROD39,2025-03-25,6,427.2,0.09,REP9,Shipped
ORD000787,CUST298,PROD65,2025-03-01,2,112.17,0.04,REP7,Cancelled
ORD000788,CUST225,PROD54,2024-11-16,8,465.99,0.2,REP16,Pending
ORD000789,CUST128,PROD85,2025-03-20,5,67.02,0.22,REP4,Pending
ORD000790,CUST177,PROD24,2025-08-25,7,410.55,0.09,REP19,Shipped
ORD000791,CUST290,PROD90,2025-09-04,2,196.51,0.19,REP3,Pending
ORD000792,CUST256,PROD22,2024-10-30,8,440.21,0.12,REP6,Shipped
ORD000793,CUST123,PROD80,2025-04-15,2,435.35,0.21,REP1,Pending
ORD000794,CUST225,PROD49,2024-11-24,4,404.9,0.06,REP18,Pending
ORD000795,CUST278,PROD86,2025-02-04,1,397.11,0.27,REP4,Cancelled
ORD000796,CUST252,PROD81,2025-06-13,5,159.29,0.09,REP3,Cancelled
ORD000797,CUST241,PROD25,2025-05-11,9,49.65,0.11,REP9,Cancelled
ORD000798,CUST89,PROD1,2025-06-07,1,207.46,0.02,REP12,Shipped
ORD000799,CUST183,PROD95,2025-06-29,9,95.03,0.03,REP9,Cancelled
ORD000800,CUST284,PROD22,2025-06-28,8,350.53,0.15,REP8,Cancelled
ORD000801,CUST146,PROD27,2025-03-26,6,179.59,0.08,REP15,Cancelled
ORD000802,CUST122,PROD44,2024-12-28,7,488.05,0.25,REP20,Shipped
ORD000803,CUST104,PROD85,2024-12-26,3,324.08,0.0,REP1,Cancelled
ORD000804,CUST278,PROD95,2024-10-27,1,413.02,0.11,REP7,Delivered
ORD000805,CUST72,PROD71,2025-03-09,5,74.94,0.1,REP9,Delivered
ORD000806,CUST250,PROD24,2024-11-06,2,432.39,0.01,REP9,Delivered
ORD000807,CUST55,PROD24,2025-04-17,5,462.15,0.04,REP11,Shipped
ORD000808,CUST120,PROD23,2025-02-01,8,248.66,0.12,REP5,Shipped
ORD000809,CUST62,PROD93,2025-05-15,9,307.06,0.15,REP2,Shipped
ORD000810,CUST181,PROD97,2024-11-04,2,384.76,0.12,REP15,Pending
ORD000811,CUST153,PROD95,2025-02-09,3,95.67,0.16,REP20,Delivered
ORD000812,CUST56,PROD76,2025-01-25,3,256.26,0.18,REP20,Pending
ORD000813,CUST105,PROD76,2024-11-03,1,205.34,0.0,REP15,Delivered
ORD000814,CUST47,PROD88,2025-03-03,8,81.72,0.14,REP4,Delivered
ORD000815,CUST179,PROD31,2025-05-31,6,190.09,0.29,REP13,Delivered
ORD000816,CUST248,PROD38,2025-07-01,8,43.4,0.16,REP18,Delivered
ORD000817,CUST256,PROD55,2025-03-09,9,22.65,0.2,REP7,Delivered
ORD000818,CUST207,PROD8,2025-08-09,5,76.23,0.09,REP13,Cancelled
ORD000819,CUST68,PROD72,2025-05-18,3,481.93,0.23,REP13,Cancelled
ORD000820,CUST100,PROD27,2025-02-12,5,279.27,0.23,REP20,Shipped
ORD000821,CUST88,PROD57,2024-10-05,5,483.25,0.16,REP17,Delivered
ORD000822,CUST36,PROD98,2025-04-15,5,221.92,0.29,REP8,Delivered
ORD000823,CUST149,PROD47,2025-04-21,3,162.79,0.04,REP20,Pending
ORD000824,CUST121,PROD15,2025-06-15,4,258.01,0.01,REP7,Delivered
ORD000825,CUST226,PROD29,2025-03-31,9,225.36,0.23,REP10,Delivered
ORD000826,CUST287,PROD85,2025-02-12,9,61.78,0.24,REP10,Cancelled
ORD000827,CUST38,PROD99,2024-11-22,2,324.0,0.04,REP9,Cancelled
ORD000828,CUST71,PROD22,2025-08-06,8,115.86,0.08,REP8,Shipped
ORD000829,CUST90,PROD43,2025-01-10,8,313.6,0.01,REP8,Shipped
ORD000830,CUST215,PROD31,2025-06-25,7,328.6,0.09,REP6,Delivered
ORD000831,CUST231,PROD58,2024-10-04,8,84.49,0.23,REP7,Pending
ORD000832,CUST264,PROD48,2025-08-27,3,40.06,0.16,REP7,Delivered
ORD000833,CUST220,PROD71,2025-02-22,6,392.57,0.1,REP13,Cancelled
ORD000834,CUST51,PROD22,2024-12-24,1,235.3,0.11,REP17,Shipped
ORD000835,CUST189,PROD6,2024-11-14,7,38.5,0.0,REP3,Delivered
ORD000836,CUST186,PROD95,2024-10-09,1,497.48,0.09,REP7,Shipped
ORD000837,CUST135,PROD30,2025-03-05,9,38.31,0.19,REP15,Delivered
ORD000838,CUST82,PROD14,2025-04-06,1,350.57,0.29,REP13,Delivered
ORD000839,CUST208,PROD72,2025-08-01,1,492.0,0.25,REP16,Shipped
ORD000840,CUST24,PROD45,2025-01-01,7,127.2,0.01,REP16,Delivered
ORD000841,CUST237,PROD10,2025-03-23,2,79.7,0.27,REP9,Pending
ORD000842,CUST211,PROD37,2024-11-19,5,69.48,0.23,REP5,Cancelled
ORD000843,CUST282,PROD13,2025-02-20,8,158.6,0.23,REP4,Shipped
ORD000844,CUST163,PROD53,2025-08-25,8,59.51,0.14,REP9,Pending
ORD000845,CUST33,PROD26,2025-08-03,3,349.16,0.12,REP4,Delivered
ORD000846,CUST111,PROD14,2025-06-03,7,40.52,0.09,REP7,Delivered
ORD000847,CUST87,PROD97,2025-07-11,3,259.62,0.02,REP16,Pending
ORD000848,CUST183,PROD92,2025-03-13,6,498.38,0.07,REP14,Cancelled
ORD000849,CUST133,PROD48,2025-03-12,6,408.85,0.07,REP12,Delivered
ORD000850,CUST205,PROD87,2024-10-31,3,311.46,0.15,REP5,Shipped
ORD000851,CUST212,PROD77,2024-11-20,7,160.06,0.22,REP13,Shipped
ORD000852,CUST224,PROD50,2025-01-03,3,315.71,0.14,REP11,Cancelled
ORD000853,CUST253,PROD75,2024-10-13,8,268.25,0.02,REP11,Pending
ORD000854,CUST210,PROD22,2025-09-11,4,218.78,0.29,REP3,Pending
ORD000855,CUST223,PROD27,2024-11-04,1,74.05,0.28,REP13,Delivered
ORD000856,CUST133,PROD69,2025-09-15,4,444.44,0.24,REP4,Cancelled
ORD000857,CUST217,PROD94,2025-06-29,7,230.39,0.3,REP10,Shipped
ORD000858,CUST129,PROD27,2025-09-06,4,105.37,0.16,REP12,Cancelled
ORD000859,CUST223,PROD57,2025-03-24,6,190.2,0.29,REP11,Pending
ORD000860,CUST245,PROD88,2025-03-20,9,212.92,0.02,REP9,Pending
ORD000861,CUST242,PROD92,2024-11-09,1,415.49,0.11,REP9,Pending
ORD000862,CUST31,PROD35,2025-08-18,5,369.47,0.07,REP9,Delivered
ORD000863,CUST183,PROD54,2025-07-01,7,386.96,0.06,REP14,Shipped
ORD000864,CUST267,PROD81,2024-11-30,1,15.41,0.04,REP7,Cancelled
ORD000865,CUST36,PROD41,2025-02-14,4,213.92,0.19,REP17,Cancelled
ORD000866,CUST290,PROD79,2025-04-25,6,245.86,0.23,REP1,Cancelled
ORD000867,CUST242,PROD29,2024-09-24,2,19.4,0.17,REP18,Pending
ORD000868,CUST299,PROD83,2025-04-09,5,137.31,0.04,REP7,Shipped
ORD000869,CUST116,PROD70,2024-12-03,1,382.54,0.24,REP7,Delivered
ORD000870,CUST264,PROD59,2025-05-10,6,77.18,0.19,REP13,Pending
ORD000871,CUST90,PROD8,2024-11-10,6,272.3,0.12,REP19,Shipped
ORD000872,CUST8,PROD39,2024-11-02,4,115.45,0.2,REP18,Pending
ORD000873,CUST68,PROD2,2025-03-17,8,15.94,0.08,REP18,Shipped
ORD000874,CUST270,PROD87,2025-08-30,4,128.19,0.1,REP11,Shipped
ORD000875,CUST293,PROD40,2024-11-30,8,488.18,0.28,REP7,Pending
ORD000876,CUST39,PROD79,2024-12-29,8,402.75,0.09,REP12,Cancelled
ORD000877,CUST65,PROD75,2025-01-26,5,480.19,0.14,REP3,Pending
ORD000878,CUST187,PROD76,2025-05-25,4,249.05,0.27,REP16,Pending
ORD000879,CUST34,PROD83,2025-02-14,2,63.77,0.21,REP7,Delivered
ORD000880,CUST188,PROD18,2025-06-09,3,278.5,0.02,REP14,Shipped
ORD000881,CUST297,PROD100,2024-12-16,3,232.64,0.04,REP11,Pending
ORD000882,CUST248,PROD76,2025-02-14,4,423.73,0.0,REP17,Cancelled
ORD000883,CUST28,PROD27,2024-10-09,4,58.06,0.19,REP1,Cancelled
ORD000884,CUST159,PROD23,2024-11-08,5,249.24,0.13,REP4,Pending
ORD000885,CUST96,PROD32,2025-05-30,4,83.52,0.04,REP17,Delivered
ORD000886,CUST149,PROD83,2025-08-01,8,169.09,0.29,REP14,Pending
ORD000887,CUST129,PROD62,2024-10-28,6,371.3,0.16,REP8,Delivered
ORD000888,CUST11,PROD52,2025-02-03,6,243.25,0.07,REP19,Cancelled
ORD000889,CUST219,PROD64,2025-03-16,8,194.19,0.15,REP11,Shipped
ORD000890,CUST154,PROD86,2025-08-08,7,203.29,0.2,REP8,Shipped
ORD000891,CUST242,PROD77,2025-01-13,8,235.13,0.02,REP6,Delivered
ORD000892,CUST199,PROD30,2025-04-02,2,394.66,0.08,REP1,Cancelled
ORD000893,CUST73,PROD44,2025-05-03,9,447.12,0.24,REP6,Pending
ORD000894,CUST76,PROD30,2025-01-19,1,478.11,0.14,REP10,Shipped
ORD000895,CUST159,PROD6,2025-08-20,8,395.58,0.16,REP9,Shipped
ORD000896,CUST29,PROD73,2024-10-06,4,164.55,0.13,REP3,Delivered
ORD000897,CUST153,PROD89,2025-07-14,4,347.19,0.01,REP13,Pending
ORD000898,CUST187,PROD40,2025-07-22,5,224.43,0.05,REP11,Pending
ORD000899,CUST28,PROD59,2025-07-06,8,134.79,0.13,REP19,Delivered
ORD000900,CUST170,PROD35,2024-12-04,5,422.03,0.06,REP1,Delivered
ORD000901,CUST117,PROD48,2025-03-04,8,28.83,0.01,REP19,Pending
ORD000902,CUST127,PROD62,2025-01-11,1,451.86,0.25,REP5,Delivered
ORD000903,CUST263,PROD23,2025-06-24,9,236.12,0.29,REP12,Shipped
ORD000904,CUST192,PROD64,2025-04-24,6,322.23,0.24,REP10,Cancelled
ORD000905,CUST150,PROD69,2025-07-04,3,333.08,0.26,REP19,Pending
ORD000906,CUST289,PROD41,2025-01-10,8,448.61,0.07,REP14,Pending
ORD000907,CUST141,PROD17,2024-10-15,9,321.97,0.29,REP13,Delivered
ORD000908,CUST52,PROD52,2025-01-20,6,310.83,0.06,REP3,Shipped
ORD000909,CUST174,PROD83,2024-09-21,7,42.66,0.29,REP11,Shipped
ORD000910,CUST200,PROD15,2025-05-09,1,264.02,0.3,REP2,Shipped
ORD000911,CUST254,PROD4,2025-08-25,5,83.58,0.21,REP8,Pending
ORD000912,CUST268,PROD42,2025-03-27,5,371.34,0.29,REP14,Pending
ORD000913,CUST294,PROD14,2025-01-13,4,260.99,0.17,REP7,Cancelled
ORD000914,CUST39,PROD81,2025-02-18,6,343.31,0.08,REP15,Cancelled
ORD000915,CUST104,PROD13,2025-07-07,7,30.42,0.13,REP4,Cancelled
ORD000916,CUST149,PROD23,2024-11-17,9,51.55,0.18,REP2,Cancelled
ORD000917,CUST1,PROD82,2024-12-24,1,361.0,0.02,REP15,Delivered
ORD000918,CUST33,PROD54,2024-12-17,6,45.32,0.19,REP13,Shipped
ORD000919,CUST78,PROD100,2024-12-21,7,44.92,0.29,REP1,Shipped
ORD000920,CUST27,PROD82,2024-10-16,3,15.93,0.06,REP16,Shipped
ORD000921,CUST78,PROD15,2025-06-20,8,478.69,0.24,REP2,Pending
ORD000922,CUST14,PROD32,2025-08-30,5,371.38,0.27,REP20,Pending
ORD000923,CUST96,PROD18,2024-10-22,9,183.09,0.28,REP13,Delivered
ORD000924,CUST260,PROD89,2025-01-14,5,155.3,0.29,REP16,Cancelled
ORD000925,CUST43,PROD43,2025-07-16,9,181.35,0.16,REP4,Cancelled
ORD000926,CUST167,PROD29,2025-04-07,4,389.58,0.29,REP12,Delivered
ORD000927,CUST44,PROD75,2025-03-23,9,334.07,0.23,REP14,Delivered
ORD000928,CUST246,PROD100,2025-03-21,5,100.75,0.05,REP19,Cancelled
ORD000929,CUST224,PROD13,2025-03-21,9,95.31,0.14,REP13,Shipped
ORD000930,CUST156,PROD39,2024-12-02,3,58.21,0.22,REP15,Shipped
ORD000931,CUST259,PROD39,2024-10-30,4,333.55,0.07,REP12,Delivered
ORD000932,CUST228,PROD89,2025-08-03,9,384.54,0.19,REP11,Pending
ORD000933,CUST88,PROD60,2024-12-13,6,139.87,0.2,REP3,Pending
ORD000934,CUST286,PROD16,2024-10-11,2,20.26,0.05,REP1,Delivered
ORD000935,CUST179,PROD2,2024-10-22,7,50.26,0.17,REP2,Pending
ORD000936,CUST91,PROD32,2025-07-01,2,484.25,0.23,REP6,Pending
ORD000937,CUST255,PROD65,2025-08-20,2,154.77,0.15,REP3,Shipped
ORD000938,CUST16,PROD53,2025-09-12,1,386.92,0.0,REP14,Pending
ORD000939,CUST192,PROD52,2025-08-24,3,316.09,0.0,REP11,Shipped
ORD000940,CUST262,PROD3,2025-08-06,6,197.15,0.11,REP10,Delivered
ORD000941,CUST80,PROD6,2025-08-19,8,110.79,0.28,REP2,Pending
ORD000942,CUST286,PROD2,2025-07-06,9,69.48,0.07,REP15,Shipped
ORD000943,CUST5,PROD50,2024-09-16,7,311.36,0.19,REP10,Cancelled
ORD000944,CUST96,PROD36,2024-10-02,4,389.57,0.07,REP3,Pending
ORD000945,CUST231,PROD53,2025-03-20,6,325.51,0.1,REP10,Delivered
ORD000946,CUST2,PROD38,2024-11-19,5,269.85,0.25,REP10,Cancelled
ORD000947,CUST152,PROD17,2025-09-07,8,30.56,0.22,REP8,Shipped
ORD000948,CUST108,PROD6,2025-08-10,1,484.56,0.03,REP19,Shipped
ORD000949,CUST152,PROD94,2025-07-04,1,401.37,0.13,REP14,Delivered
ORD000950,CUST125,PROD25,2024-12-25,6,153.48,0.01,REP1,Shipped
ORD000951,CUST259,PROD18,2025-06-09,2,490.19,0.14,REP6,Shipped
ORD000952,CUST94,PROD52,2025-08-21,5,304.92,0.2,REP5,Pending
ORD000953,CUST278,PROD36,2024-10-31,1,295.39,0.04,REP8,Pending
ORD000954,CUST8,PROD31,2025-06-29,7,376.56,0.09,REP2,Pending
ORD000955,CUST72,PROD45,2024-11-23,1,407.77,0.12,REP11,Shipped
ORD000956,CUST135,PROD80,2025-01-25,4,331.67,0.28,REP12,Delivered
ORD000957,CUST178,PROD11,2025-04-26,9,72.77,0.3,REP5,Delivered
ORD000958,CUST55,PROD16,2024-12-19,1,175.75,0.01,REP8,Delivered
ORD000959,CUST221,PROD95,2024-12-25,4,464.76,0.23,REP19,Shipped
ORD000960,CUST11,PROD2,2025-03-28,6,120.06,0.11,REP6,Shipped
ORD000961,CUST111,PROD3,2025-05-25,6,192.36,0.12,REP17,Pending
ORD000962,CUST28,PROD79,2025-08-19,8,221.72,0.23,REP16,Delivered
ORD000963,CUST43,PROD29,2025-02-21,1,225.31,0.28,REP13,Shipped
ORD000964,CUST119,PROD81,2025-03-14,7,310.34,0.29,REP9,Cancelled
ORD000965,CUST247,PROD21,2025-06-30,1,472.11,0.17,REP5,Cancelled
ORD000966,CUST139,PROD78,2024-10-26,7,127.94,0.11,REP3,Shipped
ORD000967,CUST280,PROD72,2025-01-29,3,69.54,0.24,REP16,Pending
ORD000968,CUST275,PROD61,2025-06-18,8,106.76,0.08,REP15,Pending
ORD000969,CUST151,PROD74,2025-02-03,3,444.59,0.17,REP4,Delivered
ORD000970,CUST229,PROD54,2025-06-16,1,326.45,0.11,REP2,Delivered
ORD000971,CUST11,PROD40,2025-02-04,8,150.09,0.2,REP19,Delivered
ORD000972,CUST195,PROD54,2025-02-16,3,409.81,0.07,REP13,Shipped
ORD000973,CUST28,PROD21,2025-05-10,2,432.07,0.06,REP4,Pending
ORD000974,CUST294,PROD62,2025-02-11,1,424.79,0.28,REP18,Delivered
ORD000975,CUST43,PROD27,2025-06-25,3,460.27,0.03,REP4,Delivered
ORD000976,CUST291,PROD40,2024-10-30,2,133.6,0.15,REP13,Delivered
ORD000977,CUST68,PROD89,2025-07-15,2,379.97,0.07,REP11,Pending
ORD000978,CUST264,PROD14,2024-11-08,6,235.66,0.01,REP15,Delivered
ORD000979,CUST107,PROD38,2024-12-23,1,422.58,0.01,REP18,Pending
ORD000980,CUST140,PROD39,2025-09-04,2,366.96,0.05,REP5,Pending
ORD000981,CUST148,PROD53,2024-12-10,6,390.46,0.26,REP8,Shipped
ORD000982,CUST159,PROD40,2024-10-14,3,331.52,0.08,REP7,Shipped
ORD000983,CUST205,PROD37,2025-04-08,4,96.94,0.29,REP2,Shipped
ORD000984,CUST177,PROD44,2025-06-05,1,277.06,0.17,REP9,Cancelled
ORD000985,CUST209,PROD29,2025-06-03,8,492.49,0.13,REP9,Delivered
ORD000986,CUST127,PROD13,2025-06-17,7,469.32,0.17,REP9,Delivered
ORD000987,CUST244,PROD86,2025-04-13,7,31.16,0.16,REP14,Shipped
ORD000988,CUST14,PROD6,2024-09-21,3,90.76,0.23,REP1,Delivered
ORD000989,CUST165,PROD86,2024-12-14,3,74.55,0.08,REP6,Cancelled
ORD000990,CUST204,PROD11,2024-09-20,2,365.73,0.11,REP9,Delivered
ORD000991,CUST241,PROD35,2025-06-27,1,410.71,0.27,REP16,Cancelled
ORD000992,CUST56,PROD9,2024-12-07,7,114.62,0.28,REP13,Cancelled
ORD000993,CUST150,PROD98,2025-05-01,7,257.87,0.27,REP3,Shipped
ORD000994,CUST281,PROD72,2025-05-19,2,421.94,0.13,REP4,Pending
ORD000995,CUST286,PROD44,2024-10-24,7,369.07,0.23,REP5,Pending
ORD000996,CUST100,PROD3,2025-08-20,8,275.7,0.14,REP7,Delivered
ORD000997,CUST263,PROD19,2025-02-26,1,299.27,0.15,REP9,Cancelled
ORD000998,CUST51,PROD5,2024-12-17,9,259.1,0.06,REP15,Shipped
ORD000999,CUST132,PROD31,2024-12-26,7,155.8,0.18,REP8,Cancelled
ORD001000,CUST75,PROD71,2025-05-06,3,286.86,0.06,REP20,Shipped
